season,round,race_name,circuit_id,circuit_name,country,locality,date,race_url
2000,1,Australian Grand Prix,albert_park,Albert Park Grand Prix Circuit,Australia,Melbourne,2000-03-12,https://en.wikipedia.org/wiki/2000_Australian_Grand_Prix
2000,2,Brazilian Grand Prix,interlagos,Autódromo José Carlos Pace,Brazil,São Paulo,2000-03-26,https://en.wikipedia.org/wiki/2000_Brazilian_Grand_Prix
2000,3,San Marino Grand Prix,imola,Autodromo Enzo e Dino Ferrari,Italy,Imola,2000-04-09,https://en.wikipedia.org/wiki/2000_San_Marino_Grand_Prix
2000,4,British Grand Prix,silverstone,Silverstone Circuit,UK,Silverstone,2000-04-23,https://en.wikipedia.org/wiki/2000_British_Grand_Prix
2000,5,Spanish Grand Prix,catalunya,Circuit de Barcelona-Catalunya,Spain,Barcelona,2000-05-07,https://en.wikipedia.org/wiki/2000_Spanish_Grand_Prix
2000,6,European Grand Prix,nurburgring,Nürburgring,Germany,Nürburg,2000-05-21,https://en.wikipedia.org/wiki/2000_European_Grand_Prix
2000,7,Monaco Grand Prix,monaco,Circuit de Monaco,Monaco,Monte Carlo,2000-06-04,https://en.wikipedia.org/wiki/2000_Monaco_Grand_Prix
2000,8,Canadian Grand Prix,villeneuve,Circuit Gilles Villeneuve,Canada,Montreal,2000-06-18,https://en.wikipedia.org/wiki/2000_Canadian_Grand_Prix
2000,9,French Grand Prix,magny_cours,Circuit de Nevers Magny-Cours,France,Magny Cours,2000-07-02,https://en.wikipedia.org/wiki/2000_French_Grand_Prix
2000,10,Austrian Grand Prix,red_bull_ring,Red Bull Ring,Austria,Spielberg,2000-07-16,https://en.wikipedia.org/wiki/2000_Austrian_Grand_Prix
2000,11,German Grand Prix,hockenheimring,Hockenheimring,Germany,Hockenheim,2000-07-30,https://en.wikipedia.org/wiki/2000_German_Grand_Prix
2000,12,Hungarian Grand Prix,hungaroring,Hungaroring,Hungary,Budapest,2000-08-13,https://en.wikipedia.org/wiki/2000_Hungarian_Grand_Prix
2000,13,Belgian Grand Prix,spa,Circuit de Spa-Francorchamps,Belgium,Spa,2000-08-27,https://en.wikipedia.org/wiki/2000_Belgian_Grand_Prix
2000,14,Italian Grand Prix,monza,Autodromo Nazionale di Monza,Italy,Monza,2000-09-10,https://en.wikipedia.org/wiki/2000_Italian_Grand_Prix
2000,15,United States Grand Prix,indianapolis,Indianapolis Motor Speedway,USA,Indianapolis,2000-09-24,https://en.wikipedia.org/wiki/2000_United_States_Grand_Prix
2000,16,Japanese Grand Prix,suzuka,Suzuka Circuit,Japan,Suzuka,2000-10-08,https://en.wikipedia.org/wiki/2000_Japanese_Grand_Prix
2000,17,Malaysian Grand Prix,sepang,Sepang International Circuit,Malaysia,Kuala Lumpur,2000-10-22,https://en.wikipedia.org/wiki/2000_Malaysian_Grand_Prix
2001,1,Australian Grand Prix,albert_park,Albert Park Grand Prix Circuit,Australia,Melbourne,2001-03-04,https://en.wikipedia.org/wiki/2001_Australian_Grand_Prix
2001,2,Malaysian Grand Prix,sepang,Sepang International Circuit,Malaysia,Kuala Lumpur,2001-03-18,https://en.wikipedia.org/wiki/2001_Malaysian_Grand_Prix
2001,3,Brazilian Grand Prix,interlagos,Autódromo José Carlos Pace,Brazil,São Paulo,2001-04-01,https://en.wikipedia.org/wiki/2001_Brazilian_Grand_Prix
2001,4,San Marino Grand Prix,imola,Autodromo Enzo e Dino Ferrari,Italy,Imola,2001-04-15,https://en.wikipedia.org/wiki/2001_San_Marino_Grand_Prix
2001,5,Spanish Grand Prix,catalunya,Circuit de Barcelona-Catalunya,Spain,Barcelona,2001-04-29,https://en.wikipedia.org/wiki/2001_Spanish_Grand_Prix
2001,6,Austrian Grand Prix,red_bull_ring,Red Bull Ring,Austria,Spielberg,2001-05-13,https://en.wikipedia.org/wiki/2001_Austrian_Grand_Prix
2001,7,Monaco Grand Prix,monaco,Circuit de Monaco,Monaco,Monte Carlo,2001-05-27,https://en.wikipedia.org/wiki/2001_Monaco_Grand_Prix
2001,8,Canadian Grand Prix,villeneuve,Circuit Gilles Villeneuve,Canada,Montreal,2001-06-10,https://en.wikipedia.org/wiki/2001_Canadian_Grand_Prix
2001,9,European Grand Prix,nurburgring,Nürburgring,Germany,Nürburg,2001-06-24,https://en.wikipedia.org/wiki/2001_European_Grand_Prix
2001,10,French Grand Prix,magny_cours,Circuit de Nevers Magny-Cours,France,Magny Cours,2001-07-01,https://en.wikipedia.org/wiki/2001_French_Grand_Prix
2001,11,British Grand Prix,silverstone,Silverstone Circuit,UK,Silverstone,2001-07-15,https://en.wikipedia.org/wiki/2001_British_Grand_Prix
2001,12,German Grand Prix,hockenheimring,Hockenheimring,Germany,Hockenheim,2001-07-29,https://en.wikipedia.org/wiki/2001_German_Grand_Prix
2001,13,Hungarian Grand Prix,hungaroring,Hungaroring,Hungary,Budapest,2001-08-19,https://en.wikipedia.org/wiki/2001_Hungarian_Grand_Prix
2001,14,Belgian Grand Prix,spa,Circuit de Spa-Francorchamps,Belgium,Spa,2001-09-02,https://en.wikipedia.org/wiki/2001_Belgian_Grand_Prix
2001,15,Italian Grand Prix,monza,Autodromo Nazionale di Monza,Italy,Monza,2001-09-16,https://en.wikipedia.org/wiki/2001_Italian_Grand_Prix
2001,16,United States Grand Prix,indianapolis,Indianapolis Motor Speedway,USA,Indianapolis,2001-09-30,https://en.wikipedia.org/wiki/2001_United_States_Grand_Prix
2001,17,Japanese Grand Prix,suzuka,Suzuka Circuit,Japan,Suzuka,2001-10-14,https://en.wikipedia.org/wiki/2001_Japanese_Grand_Prix
2002,1,Australian Grand Prix,albert_park,Albert Park Grand Prix Circuit,Australia,Melbourne,2002-03-03,https://en.wikipedia.org/wiki/2002_Australian_Grand_Prix
2002,2,Malaysian Grand Prix,sepang,Sepang International Circuit,Malaysia,Kuala Lumpur,2002-03-17,https://en.wikipedia.org/wiki/2002_Malaysian_Grand_Prix
2002,3,Brazilian Grand Prix,interlagos,Autódromo José Carlos Pace,Brazil,São Paulo,2002-03-31,https://en.wikipedia.org/wiki/2002_Brazilian_Grand_Prix
2002,4,San Marino Grand Prix,imola,Autodromo Enzo e Dino Ferrari,Italy,Imola,2002-04-14,https://en.wikipedia.org/wiki/2002_San_Marino_Grand_Prix
2002,5,Spanish Grand Prix,catalunya,Circuit de Barcelona-Catalunya,Spain,Barcelona,2002-04-28,https://en.wikipedia.org/wiki/2002_Spanish_Grand_Prix
2002,6,Austrian Grand Prix,red_bull_ring,Red Bull Ring,Austria,Spielberg,2002-05-12,https://en.wikipedia.org/wiki/2002_Austrian_Grand_Prix
2002,7,Monaco Grand Prix,monaco,Circuit de Monaco,Monaco,Monte Carlo,2002-05-26,https://en.wikipedia.org/wiki/2002_Monaco_Grand_Prix
2002,8,Canadian Grand Prix,villeneuve,Circuit Gilles Villeneuve,Canada,Montreal,2002-06-09,https://en.wikipedia.org/wiki/2002_Canadian_Grand_Prix
2002,9,European Grand Prix,nurburgring,Nürburgring,Germany,Nürburg,2002-06-23,https://en.wikipedia.org/wiki/2002_European_Grand_Prix
2002,10,British Grand Prix,silverstone,Silverstone Circuit,UK,Silverstone,2002-07-07,https://en.wikipedia.org/wiki/2002_British_Grand_Prix
2002,11,French Grand Prix,magny_cours,Circuit de Nevers Magny-Cours,France,Magny Cours,2002-07-21,https://en.wikipedia.org/wiki/2002_French_Grand_Prix
2002,12,German Grand Prix,hockenheimring,Hockenheimring,Germany,Hockenheim,2002-07-28,https://en.wikipedia.org/wiki/2002_German_Grand_Prix
2002,13,Hungarian Grand Prix,hungaroring,Hungaroring,Hungary,Budapest,2002-08-18,https://en.wikipedia.org/wiki/2002_Hungarian_Grand_Prix
2002,14,Belgian Grand Prix,spa,Circuit de Spa-Francorchamps,Belgium,Spa,2002-09-01,https://en.wikipedia.org/wiki/2002_Belgian_Grand_Prix
2002,15,Italian Grand Prix,monza,Autodromo Nazionale di Monza,Italy,Monza,2002-09-15,https://en.wikipedia.org/wiki/2002_Italian_Grand_Prix
2002,16,United States Grand Prix,indianapolis,Indianapolis Motor Speedway,USA,Indianapolis,2002-09-29,https://en.wikipedia.org/wiki/2002_United_States_Grand_Prix
2002,17,Japanese Grand Prix,suzuka,Suzuka Circuit,Japan,Suzuka,2002-10-13,https://en.wikipedia.org/wiki/2002_Japanese_Grand_Prix
2003,1,Australian Grand Prix,albert_park,Albert Park Grand Prix Circuit,Australia,Melbourne,2003-03-09,https://en.wikipedia.org/wiki/2003_Australian_Grand_Prix
2003,2,Malaysian Grand Prix,sepang,Sepang International Circuit,Malaysia,Kuala Lumpur,2003-03-23,https://en.wikipedia.org/wiki/2003_Malaysian_Grand_Prix
2003,3,Brazilian Grand Prix,interlagos,Autódromo José Carlos Pace,Brazil,São Paulo,2003-04-06,https://en.wikipedia.org/wiki/2003_Brazilian_Grand_Prix
2003,4,San Marino Grand Prix,imola,Autodromo Enzo e Dino Ferrari,Italy,Imola,2003-04-20,https://en.wikipedia.org/wiki/2003_San_Marino_Grand_Prix
2003,5,Spanish Grand Prix,catalunya,Circuit de Barcelona-Catalunya,Spain,Barcelona,2003-05-04,https://en.wikipedia.org/wiki/2003_Spanish_Grand_Prix
2003,6,Austrian Grand Prix,red_bull_ring,Red Bull Ring,Austria,Spielberg,2003-05-18,https://en.wikipedia.org/wiki/2003_Austrian_Grand_Prix
2003,7,Monaco Grand Prix,monaco,Circuit de Monaco,Monaco,Monte Carlo,2003-06-01,https://en.wikipedia.org/wiki/2003_Monaco_Grand_Prix
2003,8,Canadian Grand Prix,villeneuve,Circuit Gilles Villeneuve,Canada,Montreal,2003-06-15,https://en.wikipedia.org/wiki/2003_Canadian_Grand_Prix
2003,9,European Grand Prix,nurburgring,Nürburgring,Germany,Nürburg,2003-06-29,https://en.wikipedia.org/wiki/2003_European_Grand_Prix
2003,10,French Grand Prix,magny_cours,Circuit de Nevers Magny-Cours,France,Magny Cours,2003-07-06,https://en.wikipedia.org/wiki/2003_French_Grand_Prix
2003,11,British Grand Prix,silverstone,Silverstone Circuit,UK,Silverstone,2003-07-20,https://en.wikipedia.org/wiki/2003_British_Grand_Prix
2003,12,German Grand Prix,hockenheimring,Hockenheimring,Germany,Hockenheim,2003-08-03,https://en.wikipedia.org/wiki/2003_German_Grand_Prix
2003,13,Hungarian Grand Prix,hungaroring,Hungaroring,Hungary,Budapest,2003-08-24,https://en.wikipedia.org/wiki/2003_Hungarian_Grand_Prix
2003,14,Italian Grand Prix,monza,Autodromo Nazionale di Monza,Italy,Monza,2003-09-14,https://en.wikipedia.org/wiki/2003_Italian_Grand_Prix
2003,15,United States Grand Prix,indianapolis,Indianapolis Motor Speedway,USA,Indianapolis,2003-09-28,https://en.wikipedia.org/wiki/2003_United_States_Grand_Prix
2003,16,Japanese Grand Prix,suzuka,Suzuka Circuit,Japan,Suzuka,2003-10-12,https://en.wikipedia.org/wiki/2003_Japanese_Grand_Prix
2004,1,Australian Grand Prix,albert_park,Albert Park Grand Prix Circuit,Australia,Melbourne,2004-03-07,https://en.wikipedia.org/wiki/2004_Australian_Grand_Prix
2004,2,Malaysian Grand Prix,sepang,Sepang International Circuit,Malaysia,Kuala Lumpur,2004-03-21,https://en.wikipedia.org/wiki/2004_Malaysian_Grand_Prix
2004,3,Bahrain Grand Prix,bahrain,Bahrain International Circuit,Bahrain,Sakhir,2004-04-04,https://en.wikipedia.org/wiki/2004_Bahrain_Grand_Prix
2004,4,San Marino Grand Prix,imola,Autodromo Enzo e Dino Ferrari,Italy,Imola,2004-04-25,https://en.wikipedia.org/wiki/2004_San_Marino_Grand_Prix
2004,5,Spanish Grand Prix,catalunya,Circuit de Barcelona-Catalunya,Spain,Barcelona,2004-05-09,https://en.wikipedia.org/wiki/2004_Spanish_Grand_Prix
2004,6,Monaco Grand Prix,monaco,Circuit de Monaco,Monaco,Monte Carlo,2004-05-23,https://en.wikipedia.org/wiki/2004_Monaco_Grand_Prix
2004,7,European Grand Prix,nurburgring,Nürburgring,Germany,Nürburg,2004-05-30,https://en.wikipedia.org/wiki/2004_European_Grand_Prix
2004,8,Canadian Grand Prix,villeneuve,Circuit Gilles Villeneuve,Canada,Montreal,2004-06-13,https://en.wikipedia.org/wiki/2004_Canadian_Grand_Prix
2004,9,United States Grand Prix,indianapolis,Indianapolis Motor Speedway,USA,Indianapolis,2004-06-20,https://en.wikipedia.org/wiki/2004_United_States_Grand_Prix
2004,10,French Grand Prix,magny_cours,Circuit de Nevers Magny-Cours,France,Magny Cours,2004-07-04,https://en.wikipedia.org/wiki/2004_French_Grand_Prix
2004,11,British Grand Prix,silverstone,Silverstone Circuit,UK,Silverstone,2004-07-11,https://en.wikipedia.org/wiki/2004_British_Grand_Prix
2004,12,German Grand Prix,hockenheimring,Hockenheimring,Germany,Hockenheim,2004-07-25,https://en.wikipedia.org/wiki/2004_German_Grand_Prix
2004,13,Hungarian Grand Prix,hungaroring,Hungaroring,Hungary,Budapest,2004-08-15,https://en.wikipedia.org/wiki/2004_Hungarian_Grand_Prix
2004,14,Belgian Grand Prix,spa,Circuit de Spa-Francorchamps,Belgium,Spa,2004-08-29,https://en.wikipedia.org/wiki/2004_Belgian_Grand_Prix
2004,15,Italian Grand Prix,monza,Autodromo Nazionale di Monza,Italy,Monza,2004-09-12,https://en.wikipedia.org/wiki/2004_Italian_Grand_Prix
2004,16,Chinese Grand Prix,shanghai,Shanghai International Circuit,China,Shanghai,2004-09-26,https://en.wikipedia.org/wiki/2004_Chinese_Grand_Prix
2004,17,Japanese Grand Prix,suzuka,Suzuka Circuit,Japan,Suzuka,2004-10-10,https://en.wikipedia.org/wiki/2004_Japanese_Grand_Prix
2004,18,Brazilian Grand Prix,interlagos,Autódromo José Carlos Pace,Brazil,São Paulo,2004-10-24,https://en.wikipedia.org/wiki/2004_Brazilian_Grand_Prix
2005,1,Australian Grand Prix,albert_park,Albert Park Grand Prix Circuit,Australia,Melbourne,2005-03-06,https://en.wikipedia.org/wiki/2005_Australian_Grand_Prix
2005,2,Malaysian Grand Prix,sepang,Sepang International Circuit,Malaysia,Kuala Lumpur,2005-03-20,https://en.wikipedia.org/wiki/2005_Malaysian_Grand_Prix
2005,3,Bahrain Grand Prix,bahrain,Bahrain International Circuit,Bahrain,Sakhir,2005-04-03,https://en.wikipedia.org/wiki/2005_Bahrain_Grand_Prix
2005,4,San Marino Grand Prix,imola,Autodromo Enzo e Dino Ferrari,Italy,Imola,2005-04-24,https://en.wikipedia.org/wiki/2005_San_Marino_Grand_Prix
2005,5,Spanish Grand Prix,catalunya,Circuit de Barcelona-Catalunya,Spain,Barcelona,2005-05-08,https://en.wikipedia.org/wiki/2005_Spanish_Grand_Prix
2005,6,Monaco Grand Prix,monaco,Circuit de Monaco,Monaco,Monte Carlo,2005-05-22,https://en.wikipedia.org/wiki/2005_Monaco_Grand_Prix
2005,7,European Grand Prix,nurburgring,Nürburgring,Germany,Nürburg,2005-05-29,https://en.wikipedia.org/wiki/2005_European_Grand_Prix
2005,8,Canadian Grand Prix,villeneuve,Circuit Gilles Villeneuve,Canada,Montreal,2005-06-12,https://en.wikipedia.org/wiki/2005_Canadian_Grand_Prix
2005,9,United States Grand Prix,indianapolis,Indianapolis Motor Speedway,USA,Indianapolis,2005-06-19,https://en.wikipedia.org/wiki/2005_United_States_Grand_Prix
2005,10,French Grand Prix,magny_cours,Circuit de Nevers Magny-Cours,France,Magny Cours,2005-07-03,https://en.wikipedia.org/wiki/2005_French_Grand_Prix
2005,11,British Grand Prix,silverstone,Silverstone Circuit,UK,Silverstone,2005-07-10,https://en.wikipedia.org/wiki/2005_British_Grand_Prix
2005,12,German Grand Prix,hockenheimring,Hockenheimring,Germany,Hockenheim,2005-07-24,https://en.wikipedia.org/wiki/2005_German_Grand_Prix
2005,13,Hungarian Grand Prix,hungaroring,Hungaroring,Hungary,Budapest,2005-07-31,https://en.wikipedia.org/wiki/2005_Hungarian_Grand_Prix
2005,14,Turkish Grand Prix,istanbul,Istanbul Park,Turkey,Istanbul,2005-08-21,https://en.wikipedia.org/wiki/2005_Turkish_Grand_Prix
2005,15,Italian Grand Prix,monza,Autodromo Nazionale di Monza,Italy,Monza,2005-09-04,https://en.wikipedia.org/wiki/2005_Italian_Grand_Prix
2005,16,Belgian Grand Prix,spa,Circuit de Spa-Francorchamps,Belgium,Spa,2005-09-11,https://en.wikipedia.org/wiki/2005_Belgian_Grand_Prix
2005,17,Brazilian Grand Prix,interlagos,Autódromo José Carlos Pace,Brazil,São Paulo,2005-09-25,https://en.wikipedia.org/wiki/2005_Brazilian_Grand_Prix
2005,18,Japanese Grand Prix,suzuka,Suzuka Circuit,Japan,Suzuka,2005-10-09,https://en.wikipedia.org/wiki/2005_Japanese_Grand_Prix
2005,19,Chinese Grand Prix,shanghai,Shanghai International Circuit,China,Shanghai,2005-10-16,https://en.wikipedia.org/wiki/2005_Chinese_Grand_Prix
2006,1,Bahrain Grand Prix,bahrain,Bahrain International Circuit,Bahrain,Sakhir,2006-03-12,https://en.wikipedia.org/wiki/2006_Bahrain_Grand_Prix
2006,2,Malaysian Grand Prix,sepang,Sepang International Circuit,Malaysia,Kuala Lumpur,2006-03-19,https://en.wikipedia.org/wiki/2006_Malaysian_Grand_Prix
2006,3,Australian Grand Prix,albert_park,Albert Park Grand Prix Circuit,Australia,Melbourne,2006-04-02,https://en.wikipedia.org/wiki/2006_Australian_Grand_Prix
2006,4,San Marino Grand Prix,imola,Autodromo Enzo e Dino Ferrari,Italy,Imola,2006-04-23,https://en.wikipedia.org/wiki/2006_San_Marino_Grand_Prix
2006,5,European Grand Prix,nurburgring,Nürburgring,Germany,Nürburg,2006-05-07,https://en.wikipedia.org/wiki/2006_European_Grand_Prix
2006,6,Spanish Grand Prix,catalunya,Circuit de Barcelona-Catalunya,Spain,Barcelona,2006-05-14,https://en.wikipedia.org/wiki/2006_Spanish_Grand_Prix
2006,7,Monaco Grand Prix,monaco,Circuit de Monaco,Monaco,Monte Carlo,2006-05-28,https://en.wikipedia.org/wiki/2006_Monaco_Grand_Prix
2006,8,British Grand Prix,silverstone,Silverstone Circuit,UK,Silverstone,2006-06-11,https://en.wikipedia.org/wiki/2006_British_Grand_Prix
2006,9,Canadian Grand Prix,villeneuve,Circuit Gilles Villeneuve,Canada,Montreal,2006-06-25,https://en.wikipedia.org/wiki/2006_Canadian_Grand_Prix
2006,10,United States Grand Prix,indianapolis,Indianapolis Motor Speedway,USA,Indianapolis,2006-07-02,https://en.wikipedia.org/wiki/2006_United_States_Grand_Prix
2006,11,French Grand Prix,magny_cours,Circuit de Nevers Magny-Cours,France,Magny Cours,2006-07-16,https://en.wikipedia.org/wiki/2006_French_Grand_Prix
2006,12,German Grand Prix,hockenheimring,Hockenheimring,Germany,Hockenheim,2006-07-30,https://en.wikipedia.org/wiki/2006_German_Grand_Prix
2006,13,Hungarian Grand Prix,hungaroring,Hungaroring,Hungary,Budapest,2006-08-06,https://en.wikipedia.org/wiki/2006_Hungarian_Grand_Prix
2006,14,Turkish Grand Prix,istanbul,Istanbul Park,Turkey,Istanbul,2006-08-27,https://en.wikipedia.org/wiki/2006_Turkish_Grand_Prix
2006,15,Italian Grand Prix,monza,Autodromo Nazionale di Monza,Italy,Monza,2006-09-10,https://en.wikipedia.org/wiki/2006_Italian_Grand_Prix
2006,16,Chinese Grand Prix,shanghai,Shanghai International Circuit,China,Shanghai,2006-10-01,https://en.wikipedia.org/wiki/2006_Chinese_Grand_Prix
2006,17,Japanese Grand Prix,suzuka,Suzuka Circuit,Japan,Suzuka,2006-10-08,https://en.wikipedia.org/wiki/2006_Japanese_Grand_Prix
2006,18,Brazilian Grand Prix,interlagos,Autódromo José Carlos Pace,Brazil,São Paulo,2006-10-22,https://en.wikipedia.org/wiki/2006_Brazilian_Grand_Prix
2007,1,Australian Grand Prix,albert_park,Albert Park Grand Prix Circuit,Australia,Melbourne,2007-03-18,https://en.wikipedia.org/wiki/2007_Australian_Grand_Prix
2007,2,Malaysian Grand Prix,sepang,Sepang International Circuit,Malaysia,Kuala Lumpur,2007-04-08,https://en.wikipedia.org/wiki/2007_Malaysian_Grand_Prix
2007,3,Bahrain Grand Prix,bahrain,Bahrain International Circuit,Bahrain,Sakhir,2007-04-15,https://en.wikipedia.org/wiki/2007_Bahrain_Grand_Prix
2007,4,Spanish Grand Prix,catalunya,Circuit de Barcelona-Catalunya,Spain,Barcelona,2007-05-13,https://en.wikipedia.org/wiki/2007_Spanish_Grand_Prix
2007,5,Monaco Grand Prix,monaco,Circuit de Monaco,Monaco,Monte Carlo,2007-05-27,https://en.wikipedia.org/wiki/2007_Monaco_Grand_Prix
2007,6,Canadian Grand Prix,villeneuve,Circuit Gilles Villeneuve,Canada,Montreal,2007-06-10,https://en.wikipedia.org/wiki/2007_Canadian_Grand_Prix
2007,7,United States Grand Prix,indianapolis,Indianapolis Motor Speedway,USA,Indianapolis,2007-06-17,https://en.wikipedia.org/wiki/2007_United_States_Grand_Prix
2007,8,French Grand Prix,magny_cours,Circuit de Nevers Magny-Cours,France,Magny Cours,2007-07-01,https://en.wikipedia.org/wiki/2007_French_Grand_Prix
2007,9,British Grand Prix,silverstone,Silverstone Circuit,UK,Silverstone,2007-07-08,https://en.wikipedia.org/wiki/2007_British_Grand_Prix
2007,10,European Grand Prix,nurburgring,Nürburgring,Germany,Nürburg,2007-07-22,https://en.wikipedia.org/wiki/2007_European_Grand_Prix
2007,11,Hungarian Grand Prix,hungaroring,Hungaroring,Hungary,Budapest,2007-08-05,https://en.wikipedia.org/wiki/2007_Hungarian_Grand_Prix
2007,12,Turkish Grand Prix,istanbul,Istanbul Park,Turkey,Istanbul,2007-08-26,https://en.wikipedia.org/wiki/2007_Turkish_Grand_Prix
2007,13,Italian Grand Prix,monza,Autodromo Nazionale di Monza,Italy,Monza,2007-09-09,https://en.wikipedia.org/wiki/2007_Italian_Grand_Prix
2007,14,Belgian Grand Prix,spa,Circuit de Spa-Francorchamps,Belgium,Spa,2007-09-16,https://en.wikipedia.org/wiki/2007_Belgian_Grand_Prix
2007,15,Japanese Grand Prix,fuji,Fuji Speedway,Japan,Oyama,2007-09-30,https://en.wikipedia.org/wiki/2007_Japanese_Grand_Prix
2007,16,Chinese Grand Prix,shanghai,Shanghai International Circuit,China,Shanghai,2007-10-07,https://en.wikipedia.org/wiki/2007_Chinese_Grand_Prix
2007,17,Brazilian Grand Prix,interlagos,Autódromo José Carlos Pace,Brazil,São Paulo,2007-10-21,https://en.wikipedia.org/wiki/2007_Brazilian_Grand_Prix
2008,1,Australian Grand Prix,albert_park,Albert Park Grand Prix Circuit,Australia,Melbourne,2008-03-16,https://en.wikipedia.org/wiki/2008_Australian_Grand_Prix
2008,2,Malaysian Grand Prix,sepang,Sepang International Circuit,Malaysia,Kuala Lumpur,2008-03-23,https://en.wikipedia.org/wiki/2008_Malaysian_Grand_Prix
2008,3,Bahrain Grand Prix,bahrain,Bahrain International Circuit,Bahrain,Sakhir,2008-04-06,https://en.wikipedia.org/wiki/2008_Bahrain_Grand_Prix
2008,4,Spanish Grand Prix,catalunya,Circuit de Barcelona-Catalunya,Spain,Barcelona,2008-04-27,https://en.wikipedia.org/wiki/2008_Spanish_Grand_Prix
2008,5,Turkish Grand Prix,istanbul,Istanbul Park,Turkey,Istanbul,2008-05-11,https://en.wikipedia.org/wiki/2008_Turkish_Grand_Prix
2008,6,Monaco Grand Prix,monaco,Circuit de Monaco,Monaco,Monte Carlo,2008-05-25,https://en.wikipedia.org/wiki/2008_Monaco_Grand_Prix
2008,7,Canadian Grand Prix,villeneuve,Circuit Gilles Villeneuve,Canada,Montreal,2008-06-08,https://en.wikipedia.org/wiki/2008_Canadian_Grand_Prix
2008,8,French Grand Prix,magny_cours,Circuit de Nevers Magny-Cours,France,Magny Cours,2008-06-22,https://en.wikipedia.org/wiki/2008_French_Grand_Prix
2008,9,British Grand Prix,silverstone,Silverstone Circuit,UK,Silverstone,2008-07-06,https://en.wikipedia.org/wiki/2008_British_Grand_Prix
2008,10,German Grand Prix,hockenheimring,Hockenheimring,Germany,Hockenheim,2008-07-20,https://en.wikipedia.org/wiki/2008_German_Grand_Prix
2008,11,Hungarian Grand Prix,hungaroring,Hungaroring,Hungary,Budapest,2008-08-03,https://en.wikipedia.org/wiki/2008_Hungarian_Grand_Prix
2008,12,European Grand Prix,valencia,Valencia Street Circuit,Spain,Valencia,2008-08-24,https://en.wikipedia.org/wiki/2008_European_Grand_Prix
2008,13,Belgian Grand Prix,spa,Circuit de Spa-Francorchamps,Belgium,Spa,2008-09-07,https://en.wikipedia.org/wiki/2008_Belgian_Grand_Prix
2008,14,Italian Grand Prix,monza,Autodromo Nazionale di Monza,Italy,Monza,2008-09-14,https://en.wikipedia.org/wiki/2008_Italian_Grand_Prix
2008,15,Singapore Grand Prix,marina_bay,Marina Bay Street Circuit,Singapore,Marina Bay,2008-09-28,https://en.wikipedia.org/wiki/2008_Singapore_Grand_Prix
2008,16,Japanese Grand Prix,fuji,Fuji Speedway,Japan,Oyama,2008-10-12,https://en.wikipedia.org/wiki/2008_Japanese_Grand_Prix
2008,17,Chinese Grand Prix,shanghai,Shanghai International Circuit,China,Shanghai,2008-10-19,https://en.wikipedia.org/wiki/2008_Chinese_Grand_Prix
2008,18,Brazilian Grand Prix,interlagos,Autódromo José Carlos Pace,Brazil,São Paulo,2008-11-02,https://en.wikipedia.org/wiki/2008_Brazilian_Grand_Prix
2009,1,Australian Grand Prix,albert_park,Albert Park Grand Prix Circuit,Australia,Melbourne,2009-03-29,https://en.wikipedia.org/wiki/2009_Australian_Grand_Prix
2009,2,Malaysian Grand Prix,sepang,Sepang International Circuit,Malaysia,Kuala Lumpur,2009-04-05,https://en.wikipedia.org/wiki/2009_Malaysian_Grand_Prix
2009,3,Chinese Grand Prix,shanghai,Shanghai International Circuit,China,Shanghai,2009-04-19,https://en.wikipedia.org/wiki/2009_Chinese_Grand_Prix
2009,4,Bahrain Grand Prix,bahrain,Bahrain International Circuit,Bahrain,Sakhir,2009-04-26,https://en.wikipedia.org/wiki/2009_Bahrain_Grand_Prix
2009,5,Spanish Grand Prix,catalunya,Circuit de Barcelona-Catalunya,Spain,Barcelona,2009-05-10,https://en.wikipedia.org/wiki/2009_Spanish_Grand_Prix
2009,6,Monaco Grand Prix,monaco,Circuit de Monaco,Monaco,Monte Carlo,2009-05-24,https://en.wikipedia.org/wiki/2009_Monaco_Grand_Prix
2009,7,Turkish Grand Prix,istanbul,Istanbul Park,Turkey,Istanbul,2009-06-07,https://en.wikipedia.org/wiki/2009_Turkish_Grand_Prix
2009,8,British Grand Prix,silverstone,Silverstone Circuit,UK,Silverstone,2009-06-21,https://en.wikipedia.org/wiki/2009_British_Grand_Prix
2009,9,German Grand Prix,nurburgring,Nürburgring,Germany,Nürburg,2009-07-12,https://en.wikipedia.org/wiki/2009_German_Grand_Prix
2009,10,Hungarian Grand Prix,hungaroring,Hungaroring,Hungary,Budapest,2009-07-26,https://en.wikipedia.org/wiki/2009_Hungarian_Grand_Prix
2009,11,European Grand Prix,valencia,Valencia Street Circuit,Spain,Valencia,2009-08-23,https://en.wikipedia.org/wiki/2009_European_Grand_Prix
2009,12,Belgian Grand Prix,spa,Circuit de Spa-Francorchamps,Belgium,Spa,2009-08-30,https://en.wikipedia.org/wiki/2009_Belgian_Grand_Prix
2009,13,Italian Grand Prix,monza,Autodromo Nazionale di Monza,Italy,Monza,2009-09-13,https://en.wikipedia.org/wiki/2009_Italian_Grand_Prix
2009,14,Singapore Grand Prix,marina_bay,Marina Bay Street Circuit,Singapore,Marina Bay,2009-09-27,https://en.wikipedia.org/wiki/2009_Singapore_Grand_Prix
2009,15,Japanese Grand Prix,suzuka,Suzuka Circuit,Japan,Suzuka,2009-10-04,https://en.wikipedia.org/wiki/2009_Japanese_Grand_Prix
2009,16,Brazilian Grand Prix,interlagos,Autódromo José Carlos Pace,Brazil,São Paulo,2009-10-18,https://en.wikipedia.org/wiki/2009_Brazilian_Grand_Prix
2009,17,Abu Dhabi Grand Prix,yas_marina,Yas Marina Circuit,UAE,Abu Dhabi,2009-11-01,https://en.wikipedia.org/wiki/2009_Abu_Dhabi_Grand_Prix
2010,1,Bahrain Grand Prix,bahrain,Bahrain International Circuit,Bahrain,Sakhir,2010-03-14,https://en.wikipedia.org/wiki/2010_Bahrain_Grand_Prix
2010,2,Australian Grand Prix,albert_park,Albert Park Grand Prix Circuit,Australia,Melbourne,2010-03-28,https://en.wikipedia.org/wiki/2010_Australian_Grand_Prix
2010,3,Malaysian Grand Prix,sepang,Sepang International Circuit,Malaysia,Kuala Lumpur,2010-04-04,https://en.wikipedia.org/wiki/2010_Malaysian_Grand_Prix
2010,4,Chinese Grand Prix,shanghai,Shanghai International Circuit,China,Shanghai,2010-04-18,https://en.wikipedia.org/wiki/2010_Chinese_Grand_Prix
2010,5,Spanish Grand Prix,catalunya,Circuit de Barcelona-Catalunya,Spain,Barcelona,2010-05-09,https://en.wikipedia.org/wiki/2010_Spanish_Grand_Prix
2010,6,Monaco Grand Prix,monaco,Circuit de Monaco,Monaco,Monte Carlo,2010-05-16,https://en.wikipedia.org/wiki/2010_Monaco_Grand_Prix
2010,7,Turkish Grand Prix,istanbul,Istanbul Park,Turkey,Istanbul,2010-05-30,https://en.wikipedia.org/wiki/2010_Turkish_Grand_Prix
2010,8,Canadian Grand Prix,villeneuve,Circuit Gilles Villeneuve,Canada,Montreal,2010-06-13,https://en.wikipedia.org/wiki/2010_Canadian_Grand_Prix
2010,9,European Grand Prix,valencia,Valencia Street Circuit,Spain,Valencia,2010-06-27,https://en.wikipedia.org/wiki/2010_European_Grand_Prix
2010,10,British Grand Prix,silverstone,Silverstone Circuit,UK,Silverstone,2010-07-11,https://en.wikipedia.org/wiki/2010_British_Grand_Prix
2010,11,German Grand Prix,hockenheimring,Hockenheimring,Germany,Hockenheim,2010-07-25,https://en.wikipedia.org/wiki/2010_German_Grand_Prix
2010,12,Hungarian Grand Prix,hungaroring,Hungaroring,Hungary,Budapest,2010-08-01,https://en.wikipedia.org/wiki/2010_Hungarian_Grand_Prix
2010,13,Belgian Grand Prix,spa,Circuit de Spa-Francorchamps,Belgium,Spa,2010-08-29,https://en.wikipedia.org/wiki/2010_Belgian_Grand_Prix
2010,14,Italian Grand Prix,monza,Autodromo Nazionale di Monza,Italy,Monza,2010-09-12,https://en.wikipedia.org/wiki/2010_Italian_Grand_Prix
2010,15,Singapore Grand Prix,marina_bay,Marina Bay Street Circuit,Singapore,Marina Bay,2010-09-26,https://en.wikipedia.org/wiki/2010_Singapore_Grand_Prix
2010,16,Japanese Grand Prix,suzuka,Suzuka Circuit,Japan,Suzuka,2010-10-10,https://en.wikipedia.org/wiki/2010_Japanese_Grand_Prix
2010,17,Korean Grand Prix,yeongam,Korean International Circuit,Korea,Yeongam County,2010-10-24,https://en.wikipedia.org/wiki/2010_Korean_Grand_Prix
2010,18,Brazilian Grand Prix,interlagos,Autódromo José Carlos Pace,Brazil,São Paulo,2010-11-07,https://en.wikipedia.org/wiki/2010_Brazilian_Grand_Prix
2010,19,Abu Dhabi Grand Prix,yas_marina,Yas Marina Circuit,UAE,Abu Dhabi,2010-11-14,https://en.wikipedia.org/wiki/2010_Abu_Dhabi_Grand_Prix
2011,1,Australian Grand Prix,albert_park,Albert Park Grand Prix Circuit,Australia,Melbourne,2011-03-27,https://en.wikipedia.org/wiki/2011_Australian_Grand_Prix
2011,2,Malaysian Grand Prix,sepang,Sepang International Circuit,Malaysia,Kuala Lumpur,2011-04-10,https://en.wikipedia.org/wiki/2011_Malaysian_Grand_Prix
2011,3,Chinese Grand Prix,shanghai,Shanghai International Circuit,China,Shanghai,2011-04-17,https://en.wikipedia.org/wiki/2011_Chinese_Grand_Prix
2011,4,Turkish Grand Prix,istanbul,Istanbul Park,Turkey,Istanbul,2011-05-08,https://en.wikipedia.org/wiki/2011_Turkish_Grand_Prix
2011,5,Spanish Grand Prix,catalunya,Circuit de Barcelona-Catalunya,Spain,Barcelona,2011-05-22,https://en.wikipedia.org/wiki/2011_Spanish_Grand_Prix
2011,6,Monaco Grand Prix,monaco,Circuit de Monaco,Monaco,Monte Carlo,2011-05-29,https://en.wikipedia.org/wiki/2011_Monaco_Grand_Prix
2011,7,Canadian Grand Prix,villeneuve,Circuit Gilles Villeneuve,Canada,Montreal,2011-06-12,https://en.wikipedia.org/wiki/2011_Canadian_Grand_Prix
2011,8,European Grand Prix,valencia,Valencia Street Circuit,Spain,Valencia,2011-06-26,https://en.wikipedia.org/wiki/2011_European_Grand_Prix
2011,9,British Grand Prix,silverstone,Silverstone Circuit,UK,Silverstone,2011-07-10,https://en.wikipedia.org/wiki/2011_British_Grand_Prix
2011,10,German Grand Prix,nurburgring,Nürburgring,Germany,Nürburg,2011-07-24,https://en.wikipedia.org/wiki/2011_German_Grand_Prix
2011,11,Hungarian Grand Prix,hungaroring,Hungaroring,Hungary,Budapest,2011-07-31,https://en.wikipedia.org/wiki/2011_Hungarian_Grand_Prix
2011,12,Belgian Grand Prix,spa,Circuit de Spa-Francorchamps,Belgium,Spa,2011-08-28,https://en.wikipedia.org/wiki/2011_Belgian_Grand_Prix
2011,13,Italian Grand Prix,monza,Autodromo Nazionale di Monza,Italy,Monza,2011-09-11,https://en.wikipedia.org/wiki/2011_Italian_Grand_Prix
2011,14,Singapore Grand Prix,marina_bay,Marina Bay Street Circuit,Singapore,Marina Bay,2011-09-25,https://en.wikipedia.org/wiki/2011_Singapore_Grand_Prix
2011,15,Japanese Grand Prix,suzuka,Suzuka Circuit,Japan,Suzuka,2011-10-09,https://en.wikipedia.org/wiki/2011_Japanese_Grand_Prix
2011,16,Korean Grand Prix,yeongam,Korean International Circuit,Korea,Yeongam County,2011-10-16,https://en.wikipedia.org/wiki/2011_Korean_Grand_Prix
2011,17,Indian Grand Prix,buddh,Buddh International Circuit,India,Uttar Pradesh,2011-10-30,https://en.wikipedia.org/wiki/2011_Indian_Grand_Prix
2011,18,Abu Dhabi Grand Prix,yas_marina,Yas Marina Circuit,UAE,Abu Dhabi,2011-11-13,https://en.wikipedia.org/wiki/2011_Abu_Dhabi_Grand_Prix
2011,19,Brazilian Grand Prix,interlagos,Autódromo José Carlos Pace,Brazil,São Paulo,2011-11-27,https://en.wikipedia.org/wiki/2011_Brazilian_Grand_Prix
2012,1,Australian Grand Prix,albert_park,Albert Park Grand Prix Circuit,Australia,Melbourne,2012-03-18,https://en.wikipedia.org/wiki/2012_Australian_Grand_Prix
2012,2,Malaysian Grand Prix,sepang,Sepang International Circuit,Malaysia,Kuala Lumpur,2012-03-25,https://en.wikipedia.org/wiki/2012_Malaysian_Grand_Prix
2012,3,Chinese Grand Prix,shanghai,Shanghai International Circuit,China,Shanghai,2012-04-15,https://en.wikipedia.org/wiki/2012_Chinese_Grand_Prix
2012,4,Bahrain Grand Prix,bahrain,Bahrain International Circuit,Bahrain,Sakhir,2012-04-22,https://en.wikipedia.org/wiki/2012_Bahrain_Grand_Prix
2012,5,Spanish Grand Prix,catalunya,Circuit de Barcelona-Catalunya,Spain,Barcelona,2012-05-13,https://en.wikipedia.org/wiki/2012_Spanish_Grand_Prix
2012,6,Monaco Grand Prix,monaco,Circuit de Monaco,Monaco,Monte Carlo,2012-05-27,https://en.wikipedia.org/wiki/2012_Monaco_Grand_Prix
2012,7,Canadian Grand Prix,villeneuve,Circuit Gilles Villeneuve,Canada,Montreal,2012-06-10,https://en.wikipedia.org/wiki/2012_Canadian_Grand_Prix
2012,8,European Grand Prix,valencia,Valencia Street Circuit,Spain,Valencia,2012-06-24,https://en.wikipedia.org/wiki/2012_European_Grand_Prix
2012,9,British Grand Prix,silverstone,Silverstone Circuit,UK,Silverstone,2012-07-08,https://en.wikipedia.org/wiki/2012_British_Grand_Prix
2012,10,German Grand Prix,hockenheimring,Hockenheimring,Germany,Hockenheim,2012-07-22,https://en.wikipedia.org/wiki/2012_German_Grand_Prix
2012,11,Hungarian Grand Prix,hungaroring,Hungaroring,Hungary,Budapest,2012-07-29,https://en.wikipedia.org/wiki/2012_Hungarian_Grand_Prix
2012,12,Belgian Grand Prix,spa,Circuit de Spa-Francorchamps,Belgium,Spa,2012-09-02,https://en.wikipedia.org/wiki/2012_Belgian_Grand_Prix
2012,13,Italian Grand Prix,monza,Autodromo Nazionale di Monza,Italy,Monza,2012-09-09,https://en.wikipedia.org/wiki/2012_Italian_Grand_Prix
2012,14,Singapore Grand Prix,marina_bay,Marina Bay Street Circuit,Singapore,Marina Bay,2012-09-23,https://en.wikipedia.org/wiki/2012_Singapore_Grand_Prix
2012,15,Japanese Grand Prix,suzuka,Suzuka Circuit,Japan,Suzuka,2012-10-07,https://en.wikipedia.org/wiki/2012_Japanese_Grand_Prix
2012,16,Korean Grand Prix,yeongam,Korean International Circuit,Korea,Yeongam County,2012-10-14,https://en.wikipedia.org/wiki/2012_Korean_Grand_Prix
2012,17,Indian Grand Prix,buddh,Buddh International Circuit,India,Uttar Pradesh,2012-10-28,https://en.wikipedia.org/wiki/2012_Indian_Grand_Prix
2012,18,Abu Dhabi Grand Prix,yas_marina,Yas Marina Circuit,UAE,Abu Dhabi,2012-11-04,https://en.wikipedia.org/wiki/2012_Abu_Dhabi_Grand_Prix
2012,19,United States Grand Prix,americas,Circuit of the Americas,USA,Austin,2012-11-18,https://en.wikipedia.org/wiki/2012_United_States_Grand_Prix
2012,20,Brazilian Grand Prix,interlagos,Autódromo José Carlos Pace,Brazil,São Paulo,2012-11-25,https://en.wikipedia.org/wiki/2012_Brazilian_Grand_Prix
2013,1,Australian Grand Prix,albert_park,Albert Park Grand Prix Circuit,Australia,Melbourne,2013-03-17,https://en.wikipedia.org/wiki/2013_Australian_Grand_Prix
2013,2,Malaysian Grand Prix,sepang,Sepang International Circuit,Malaysia,Kuala Lumpur,2013-03-24,https://en.wikipedia.org/wiki/2013_Malaysian_Grand_Prix
2013,3,Chinese Grand Prix,shanghai,Shanghai International Circuit,China,Shanghai,2013-04-14,https://en.wikipedia.org/wiki/2013_Chinese_Grand_Prix
2013,4,Bahrain Grand Prix,bahrain,Bahrain International Circuit,Bahrain,Sakhir,2013-04-21,https://en.wikipedia.org/wiki/2013_Bahrain_Grand_Prix
2013,5,Spanish Grand Prix,catalunya,Circuit de Barcelona-Catalunya,Spain,Barcelona,2013-05-12,https://en.wikipedia.org/wiki/2013_Spanish_Grand_Prix
2013,6,Monaco Grand Prix,monaco,Circuit de Monaco,Monaco,Monte Carlo,2013-05-26,https://en.wikipedia.org/wiki/2013_Monaco_Grand_Prix
2013,7,Canadian Grand Prix,villeneuve,Circuit Gilles Villeneuve,Canada,Montreal,2013-06-09,https://en.wikipedia.org/wiki/2013_Canadian_Grand_Prix
2013,8,British Grand Prix,silverstone,Silverstone Circuit,UK,Silverstone,2013-06-30,https://en.wikipedia.org/wiki/2013_British_Grand_Prix
2013,9,German Grand Prix,nurburgring,Nürburgring,Germany,Nürburg,2013-07-07,https://en.wikipedia.org/wiki/2013_German_Grand_Prix
2013,10,Hungarian Grand Prix,hungaroring,Hungaroring,Hungary,Budapest,2013-07-28,https://en.wikipedia.org/wiki/2013_Hungarian_Grand_Prix
2013,11,Belgian Grand Prix,spa,Circuit de Spa-Francorchamps,Belgium,Spa,2013-08-25,https://en.wikipedia.org/wiki/2013_Belgian_Grand_Prix
2013,12,Italian Grand Prix,monza,Autodromo Nazionale di Monza,Italy,Monza,2013-09-08,https://en.wikipedia.org/wiki/2013_Italian_Grand_Prix
2013,13,Singapore Grand Prix,marina_bay,Marina Bay Street Circuit,Singapore,Marina Bay,2013-09-22,https://en.wikipedia.org/wiki/2013_Singapore_Grand_Prix
2013,14,Korean Grand Prix,yeongam,Korean International Circuit,Korea,Yeongam County,2013-10-06,https://en.wikipedia.org/wiki/2013_Korean_Grand_Prix
2013,15,Japanese Grand Prix,suzuka,Suzuka Circuit,Japan,Suzuka,2013-10-13,https://en.wikipedia.org/wiki/2013_Japanese_Grand_Prix
2013,16,Indian Grand Prix,buddh,Buddh International Circuit,India,Uttar Pradesh,2013-10-27,https://en.wikipedia.org/wiki/2013_Indian_Grand_Prix
2013,17,Abu Dhabi Grand Prix,yas_marina,Yas Marina Circuit,UAE,Abu Dhabi,2013-11-03,https://en.wikipedia.org/wiki/2013_Abu_Dhabi_Grand_Prix
2013,18,United States Grand Prix,americas,Circuit of the Americas,USA,Austin,2013-11-17,https://en.wikipedia.org/wiki/2013_United_States_Grand_Prix
2013,19,Brazilian Grand Prix,interlagos,Autódromo José Carlos Pace,Brazil,São Paulo,2013-11-24,https://en.wikipedia.org/wiki/2013_Brazilian_Grand_Prix
2014,1,Australian Grand Prix,albert_park,Albert Park Grand Prix Circuit,Australia,Melbourne,2014-03-16,https://en.wikipedia.org/wiki/2014_Australian_Grand_Prix
2014,2,Malaysian Grand Prix,sepang,Sepang International Circuit,Malaysia,Kuala Lumpur,2014-03-30,https://en.wikipedia.org/wiki/2014_Malaysian_Grand_Prix
2014,3,Bahrain Grand Prix,bahrain,Bahrain International Circuit,Bahrain,Sakhir,2014-04-06,https://en.wikipedia.org/wiki/2014_Bahrain_Grand_Prix
2014,4,Chinese Grand Prix,shanghai,Shanghai International Circuit,China,Shanghai,2014-04-20,https://en.wikipedia.org/wiki/2014_Chinese_Grand_Prix
2014,5,Spanish Grand Prix,catalunya,Circuit de Barcelona-Catalunya,Spain,Barcelona,2014-05-11,https://en.wikipedia.org/wiki/2014_Spanish_Grand_Prix
2014,6,Monaco Grand Prix,monaco,Circuit de Monaco,Monaco,Monte Carlo,2014-05-25,https://en.wikipedia.org/wiki/2014_Monaco_Grand_Prix
2014,7,Canadian Grand Prix,villeneuve,Circuit Gilles Villeneuve,Canada,Montreal,2014-06-08,https://en.wikipedia.org/wiki/2014_Canadian_Grand_Prix
2014,8,Austrian Grand Prix,red_bull_ring,Red Bull Ring,Austria,Spielberg,2014-06-22,https://en.wikipedia.org/wiki/2014_Austrian_Grand_Prix
2014,9,British Grand Prix,silverstone,Silverstone Circuit,UK,Silverstone,2014-07-06,https://en.wikipedia.org/wiki/2014_British_Grand_Prix
2014,10,German Grand Prix,hockenheimring,Hockenheimring,Germany,Hockenheim,2014-07-20,https://en.wikipedia.org/wiki/2014_German_Grand_Prix
2014,11,Hungarian Grand Prix,hungaroring,Hungaroring,Hungary,Budapest,2014-07-27,https://en.wikipedia.org/wiki/2014_Hungarian_Grand_Prix
2014,12,Belgian Grand Prix,spa,Circuit de Spa-Francorchamps,Belgium,Spa,2014-08-24,https://en.wikipedia.org/wiki/2014_Belgian_Grand_Prix
2014,13,Italian Grand Prix,monza,Autodromo Nazionale di Monza,Italy,Monza,2014-09-07,https://en.wikipedia.org/wiki/2014_Italian_Grand_Prix
2014,14,Singapore Grand Prix,marina_bay,Marina Bay Street Circuit,Singapore,Marina Bay,2014-09-21,https://en.wikipedia.org/wiki/2014_Singapore_Grand_Prix
2014,15,Japanese Grand Prix,suzuka,Suzuka Circuit,Japan,Suzuka,2014-10-05,https://en.wikipedia.org/wiki/2014_Japanese_Grand_Prix
2014,16,Russian Grand Prix,sochi,Sochi Autodrom,Russia,Sochi,2014-10-12,https://en.wikipedia.org/wiki/2014_Russian_Grand_Prix
2014,17,United States Grand Prix,americas,Circuit of the Americas,USA,Austin,2014-11-02,https://en.wikipedia.org/wiki/2014_United_States_Grand_Prix
2014,18,Brazilian Grand Prix,interlagos,Autódromo José Carlos Pace,Brazil,São Paulo,2014-11-09,https://en.wikipedia.org/wiki/2014_Brazilian_Grand_Prix
2014,19,Abu Dhabi Grand Prix,yas_marina,Yas Marina Circuit,UAE,Abu Dhabi,2014-11-23,https://en.wikipedia.org/wiki/2014_Abu_Dhabi_Grand_Prix
2015,1,Australian Grand Prix,albert_park,Albert Park Grand Prix Circuit,Australia,Melbourne,2015-03-15,https://en.wikipedia.org/wiki/2015_Australian_Grand_Prix
2015,2,Malaysian Grand Prix,sepang,Sepang International Circuit,Malaysia,Kuala Lumpur,2015-03-29,https://en.wikipedia.org/wiki/2015_Malaysian_Grand_Prix
2015,3,Chinese Grand Prix,shanghai,Shanghai International Circuit,China,Shanghai,2015-04-12,https://en.wikipedia.org/wiki/2015_Chinese_Grand_Prix
2015,4,Bahrain Grand Prix,bahrain,Bahrain International Circuit,Bahrain,Sakhir,2015-04-19,https://en.wikipedia.org/wiki/2015_Bahrain_Grand_Prix
2015,5,Spanish Grand Prix,catalunya,Circuit de Barcelona-Catalunya,Spain,Barcelona,2015-05-10,https://en.wikipedia.org/wiki/2015_Spanish_Grand_Prix
2015,6,Monaco Grand Prix,monaco,Circuit de Monaco,Monaco,Monte Carlo,2015-05-24,https://en.wikipedia.org/wiki/2015_Monaco_Grand_Prix
2015,7,Canadian Grand Prix,villeneuve,Circuit Gilles Villeneuve,Canada,Montreal,2015-06-07,https://en.wikipedia.org/wiki/2015_Canadian_Grand_Prix
2015,8,Austrian Grand Prix,red_bull_ring,Red Bull Ring,Austria,Spielberg,2015-06-21,https://en.wikipedia.org/wiki/2015_Austrian_Grand_Prix
2015,9,British Grand Prix,silverstone,Silverstone Circuit,UK,Silverstone,2015-07-05,https://en.wikipedia.org/wiki/2015_British_Grand_Prix
2015,10,Hungarian Grand Prix,hungaroring,Hungaroring,Hungary,Budapest,2015-07-26,https://en.wikipedia.org/wiki/2015_Hungarian_Grand_Prix
2015,11,Belgian Grand Prix,spa,Circuit de Spa-Francorchamps,Belgium,Spa,2015-08-23,https://en.wikipedia.org/wiki/2015_Belgian_Grand_Prix
2015,12,Italian Grand Prix,monza,Autodromo Nazionale di Monza,Italy,Monza,2015-09-06,https://en.wikipedia.org/wiki/2015_Italian_Grand_Prix
2015,13,Singapore Grand Prix,marina_bay,Marina Bay Street Circuit,Singapore,Marina Bay,2015-09-20,https://en.wikipedia.org/wiki/2015_Singapore_Grand_Prix
2015,14,Japanese Grand Prix,suzuka,Suzuka Circuit,Japan,Suzuka,2015-09-27,https://en.wikipedia.org/wiki/2015_Japanese_Grand_Prix
2015,15,Russian Grand Prix,sochi,Sochi Autodrom,Russia,Sochi,2015-10-11,https://en.wikipedia.org/wiki/2015_Russian_Grand_Prix
2015,16,United States Grand Prix,americas,Circuit of the Americas,USA,Austin,2015-10-25,https://en.wikipedia.org/wiki/2015_United_States_Grand_Prix
2015,17,Mexican Grand Prix,rodriguez,Autódromo Hermanos Rodríguez,Mexico,Mexico City,2015-11-01,https://en.wikipedia.org/wiki/2015_Mexican_Grand_Prix
2015,18,Brazilian Grand Prix,interlagos,Autódromo José Carlos Pace,Brazil,São Paulo,2015-11-15,https://en.wikipedia.org/wiki/2015_Brazilian_Grand_Prix
2015,19,Abu Dhabi Grand Prix,yas_marina,Yas Marina Circuit,UAE,Abu Dhabi,2015-11-29,https://en.wikipedia.org/wiki/2015_Abu_Dhabi_Grand_Prix
2016,1,Australian Grand Prix,albert_park,Albert Park Grand Prix Circuit,Australia,Melbourne,2016-03-20,https://en.wikipedia.org/wiki/2016_Australian_Grand_Prix
2016,2,Bahrain Grand Prix,bahrain,Bahrain International Circuit,Bahrain,Sakhir,2016-04-03,https://en.wikipedia.org/wiki/2016_Bahrain_Grand_Prix
2016,3,Chinese Grand Prix,shanghai,Shanghai International Circuit,China,Shanghai,2016-04-17,https://en.wikipedia.org/wiki/2016_Chinese_Grand_Prix
2016,4,Russian Grand Prix,sochi,Sochi Autodrom,Russia,Sochi,2016-05-01,https://en.wikipedia.org/wiki/2016_Russian_Grand_Prix
2016,5,Spanish Grand Prix,catalunya,Circuit de Barcelona-Catalunya,Spain,Barcelona,2016-05-15,https://en.wikipedia.org/wiki/2016_Spanish_Grand_Prix
2016,6,Monaco Grand Prix,monaco,Circuit de Monaco,Monaco,Monte Carlo,2016-05-29,https://en.wikipedia.org/wiki/2016_Monaco_Grand_Prix
2016,7,Canadian Grand Prix,villeneuve,Circuit Gilles Villeneuve,Canada,Montreal,2016-06-12,https://en.wikipedia.org/wiki/2016_Canadian_Grand_Prix
2016,8,European Grand Prix,baku,Baku City Circuit,Azerbaijan,Baku,2016-06-19,https://en.wikipedia.org/wiki/2016_European_Grand_Prix
2016,9,Austrian Grand Prix,red_bull_ring,Red Bull Ring,Austria,Spielberg,2016-07-03,https://en.wikipedia.org/wiki/2016_Austrian_Grand_Prix
2016,10,British Grand Prix,silverstone,Silverstone Circuit,UK,Silverstone,2016-07-10,https://en.wikipedia.org/wiki/2016_British_Grand_Prix
2016,11,Hungarian Grand Prix,hungaroring,Hungaroring,Hungary,Budapest,2016-07-24,https://en.wikipedia.org/wiki/2016_Hungarian_Grand_Prix
2016,12,German Grand Prix,hockenheimring,Hockenheimring,Germany,Hockenheim,2016-07-31,https://en.wikipedia.org/wiki/2016_German_Grand_Prix
2016,13,Belgian Grand Prix,spa,Circuit de Spa-Francorchamps,Belgium,Spa,2016-08-28,https://en.wikipedia.org/wiki/2016_Belgian_Grand_Prix
2016,14,Italian Grand Prix,monza,Autodromo Nazionale di Monza,Italy,Monza,2016-09-04,https://en.wikipedia.org/wiki/2016_Italian_Grand_Prix
2016,15,Singapore Grand Prix,marina_bay,Marina Bay Street Circuit,Singapore,Marina Bay,2016-09-18,https://en.wikipedia.org/wiki/2016_Singapore_Grand_Prix
2016,16,Malaysian Grand Prix,sepang,Sepang International Circuit,Malaysia,Kuala Lumpur,2016-10-02,https://en.wikipedia.org/wiki/2016_Malaysian_Grand_Prix
2016,17,Japanese Grand Prix,suzuka,Suzuka Circuit,Japan,Suzuka,2016-10-09,https://en.wikipedia.org/wiki/2016_Japanese_Grand_Prix
2016,18,United States Grand Prix,americas,Circuit of the Americas,USA,Austin,2016-10-23,https://en.wikipedia.org/wiki/2016_United_States_Grand_Prix
2016,19,Mexican Grand Prix,rodriguez,Autódromo Hermanos Rodríguez,Mexico,Mexico City,2016-10-30,https://en.wikipedia.org/wiki/2016_Mexican_Grand_Prix
2016,20,Brazilian Grand Prix,interlagos,Autódromo José Carlos Pace,Brazil,São Paulo,2016-11-13,https://en.wikipedia.org/wiki/2016_Brazilian_Grand_Prix
2016,21,Abu Dhabi Grand Prix,yas_marina,Yas Marina Circuit,UAE,Abu Dhabi,2016-11-27,https://en.wikipedia.org/wiki/2016_Abu_Dhabi_Grand_Prix
2017,1,Australian Grand Prix,albert_park,Albert Park Grand Prix Circuit,Australia,Melbourne,2017-03-26,https://en.wikipedia.org/wiki/2017_Australian_Grand_Prix
2017,2,Chinese Grand Prix,shanghai,Shanghai International Circuit,China,Shanghai,2017-04-09,https://en.wikipedia.org/wiki/2017_Chinese_Grand_Prix
2017,3,Bahrain Grand Prix,bahrain,Bahrain International Circuit,Bahrain,Sakhir,2017-04-16,https://en.wikipedia.org/wiki/2017_Bahrain_Grand_Prix
2017,4,Russian Grand Prix,sochi,Sochi Autodrom,Russia,Sochi,2017-04-30,https://en.wikipedia.org/wiki/2017_Russian_Grand_Prix
2017,5,Spanish Grand Prix,catalunya,Circuit de Barcelona-Catalunya,Spain,Barcelona,2017-05-14,https://en.wikipedia.org/wiki/2017_Spanish_Grand_Prix
2017,6,Monaco Grand Prix,monaco,Circuit de Monaco,Monaco,Monte Carlo,2017-05-28,https://en.wikipedia.org/wiki/2017_Monaco_Grand_Prix
2017,7,Canadian Grand Prix,villeneuve,Circuit Gilles Villeneuve,Canada,Montreal,2017-06-11,https://en.wikipedia.org/wiki/2017_Canadian_Grand_Prix
2017,8,Azerbaijan Grand Prix,baku,Baku City Circuit,Azerbaijan,Baku,2017-06-25,https://en.wikipedia.org/wiki/2017_Azerbaijan_Grand_Prix
2017,9,Austrian Grand Prix,red_bull_ring,Red Bull Ring,Austria,Spielberg,2017-07-09,https://en.wikipedia.org/wiki/2017_Austrian_Grand_Prix
2017,10,British Grand Prix,silverstone,Silverstone Circuit,UK,Silverstone,2017-07-16,https://en.wikipedia.org/wiki/2017_British_Grand_Prix
2017,11,Hungarian Grand Prix,hungaroring,Hungaroring,Hungary,Budapest,2017-07-30,https://en.wikipedia.org/wiki/2017_Hungarian_Grand_Prix
2017,12,Belgian Grand Prix,spa,Circuit de Spa-Francorchamps,Belgium,Spa,2017-08-27,https://en.wikipedia.org/wiki/2017_Belgian_Grand_Prix
2017,13,Italian Grand Prix,monza,Autodromo Nazionale di Monza,Italy,Monza,2017-09-03,https://en.wikipedia.org/wiki/2017_Italian_Grand_Prix
2017,14,Singapore Grand Prix,marina_bay,Marina Bay Street Circuit,Singapore,Marina Bay,2017-09-17,https://en.wikipedia.org/wiki/2017_Singapore_Grand_Prix
2017,15,Malaysian Grand Prix,sepang,Sepang International Circuit,Malaysia,Kuala Lumpur,2017-10-01,https://en.wikipedia.org/wiki/2017_Malaysian_Grand_Prix
2017,16,Japanese Grand Prix,suzuka,Suzuka Circuit,Japan,Suzuka,2017-10-08,https://en.wikipedia.org/wiki/2017_Japanese_Grand_Prix
2017,17,United States Grand Prix,americas,Circuit of the Americas,USA,Austin,2017-10-22,https://en.wikipedia.org/wiki/2017_United_States_Grand_Prix
2017,18,Mexican Grand Prix,rodriguez,Autódromo Hermanos Rodríguez,Mexico,Mexico City,2017-10-29,https://en.wikipedia.org/wiki/2017_Mexican_Grand_Prix
2017,19,Brazilian Grand Prix,interlagos,Autódromo José Carlos Pace,Brazil,São Paulo,2017-11-12,https://en.wikipedia.org/wiki/2017_Brazilian_Grand_Prix
2017,20,Abu Dhabi Grand Prix,yas_marina,Yas Marina Circuit,UAE,Abu Dhabi,2017-11-26,https://en.wikipedia.org/wiki/2017_Abu_Dhabi_Grand_Prix
2018,1,Australian Grand Prix,albert_park,Albert Park Grand Prix Circuit,Australia,Melbourne,2018-03-25,https://en.wikipedia.org/wiki/2018_Australian_Grand_Prix
2018,2,Bahrain Grand Prix,bahrain,Bahrain International Circuit,Bahrain,Sakhir,2018-04-08,https://en.wikipedia.org/wiki/2018_Bahrain_Grand_Prix
2018,3,Chinese Grand Prix,shanghai,Shanghai International Circuit,China,Shanghai,2018-04-15,https://en.wikipedia.org/wiki/2018_Chinese_Grand_Prix
2018,4,Azerbaijan Grand Prix,baku,Baku City Circuit,Azerbaijan,Baku,2018-04-29,https://en.wikipedia.org/wiki/2018_Azerbaijan_Grand_Prix
2018,5,Spanish Grand Prix,catalunya,Circuit de Barcelona-Catalunya,Spain,Barcelona,2018-05-13,https://en.wikipedia.org/wiki/2018_Spanish_Grand_Prix
2018,6,Monaco Grand Prix,monaco,Circuit de Monaco,Monaco,Monte Carlo,2018-05-27,https://en.wikipedia.org/wiki/2018_Monaco_Grand_Prix
2018,7,Canadian Grand Prix,villeneuve,Circuit Gilles Villeneuve,Canada,Montreal,2018-06-10,https://en.wikipedia.org/wiki/2018_Canadian_Grand_Prix
2018,8,French Grand Prix,ricard,Circuit Paul Ricard,France,Le Castellet,2018-06-24,https://en.wikipedia.org/wiki/2018_French_Grand_Prix
2018,9,Austrian Grand Prix,red_bull_ring,Red Bull Ring,Austria,Spielberg,2018-07-01,https://en.wikipedia.org/wiki/2018_Austrian_Grand_Prix
2018,10,British Grand Prix,silverstone,Silverstone Circuit,UK,Silverstone,2018-07-08,https://en.wikipedia.org/wiki/2018_British_Grand_Prix
2018,11,German Grand Prix,hockenheimring,Hockenheimring,Germany,Hockenheim,2018-07-22,https://en.wikipedia.org/wiki/2018_German_Grand_Prix
2018,12,Hungarian Grand Prix,hungaroring,Hungaroring,Hungary,Budapest,2018-07-29,https://en.wikipedia.org/wiki/2018_Hungarian_Grand_Prix
2018,13,Belgian Grand Prix,spa,Circuit de Spa-Francorchamps,Belgium,Spa,2018-08-26,https://en.wikipedia.org/wiki/2018_Belgian_Grand_Prix
2018,14,Italian Grand Prix,monza,Autodromo Nazionale di Monza,Italy,Monza,2018-09-02,https://en.wikipedia.org/wiki/2018_Italian_Grand_Prix
2018,15,Singapore Grand Prix,marina_bay,Marina Bay Street Circuit,Singapore,Marina Bay,2018-09-16,https://en.wikipedia.org/wiki/2018_Singapore_Grand_Prix
2018,16,Russian Grand Prix,sochi,Sochi Autodrom,Russia,Sochi,2018-09-30,https://en.wikipedia.org/wiki/2018_Russian_Grand_Prix
2018,17,Japanese Grand Prix,suzuka,Suzuka Circuit,Japan,Suzuka,2018-10-07,https://en.wikipedia.org/wiki/2018_Japanese_Grand_Prix
2018,18,United States Grand Prix,americas,Circuit of the Americas,USA,Austin,2018-10-21,https://en.wikipedia.org/wiki/2018_United_States_Grand_Prix
2018,19,Mexican Grand Prix,rodriguez,Autódromo Hermanos Rodríguez,Mexico,Mexico City,2018-10-28,https://en.wikipedia.org/wiki/2018_Mexican_Grand_Prix
2018,20,Brazilian Grand Prix,interlagos,Autódromo José Carlos Pace,Brazil,São Paulo,2018-11-11,https://en.wikipedia.org/wiki/2018_Brazilian_Grand_Prix
2018,21,Abu Dhabi Grand Prix,yas_marina,Yas Marina Circuit,UAE,Abu Dhabi,2018-11-25,https://en.wikipedia.org/wiki/2018_Abu_Dhabi_Grand_Prix
2019,1,Australian Grand Prix,albert_park,Albert Park Grand Prix Circuit,Australia,Melbourne,2019-03-17,https://en.wikipedia.org/wiki/2019_Australian_Grand_Prix
2019,2,Bahrain Grand Prix,bahrain,Bahrain International Circuit,Bahrain,Sakhir,2019-03-31,https://en.wikipedia.org/wiki/2019_Bahrain_Grand_Prix
2019,3,Chinese Grand Prix,shanghai,Shanghai International Circuit,China,Shanghai,2019-04-14,https://en.wikipedia.org/wiki/2019_Chinese_Grand_Prix
2019,4,Azerbaijan Grand Prix,baku,Baku City Circuit,Azerbaijan,Baku,2019-04-28,https://en.wikipedia.org/wiki/2019_Azerbaijan_Grand_Prix
2019,5,Spanish Grand Prix,catalunya,Circuit de Barcelona-Catalunya,Spain,Barcelona,2019-05-12,https://en.wikipedia.org/wiki/2019_Spanish_Grand_Prix
2019,6,Monaco Grand Prix,monaco,Circuit de Monaco,Monaco,Monte Carlo,2019-05-26,https://en.wikipedia.org/wiki/2019_Monaco_Grand_Prix
2019,7,Canadian Grand Prix,villeneuve,Circuit Gilles Villeneuve,Canada,Montreal,2019-06-09,https://en.wikipedia.org/wiki/2019_Canadian_Grand_Prix
2019,8,French Grand Prix,ricard,Circuit Paul Ricard,France,Le Castellet,2019-06-23,https://en.wikipedia.org/wiki/2019_French_Grand_Prix
2019,9,Austrian Grand Prix,red_bull_ring,Red Bull Ring,Austria,Spielberg,2019-06-30,https://en.wikipedia.org/wiki/2019_Austrian_Grand_Prix
2019,10,British Grand Prix,silverstone,Silverstone Circuit,UK,Silverstone,2019-07-14,https://en.wikipedia.org/wiki/2019_British_Grand_Prix
2019,11,German Grand Prix,hockenheimring,Hockenheimring,Germany,Hockenheim,2019-07-28,https://en.wikipedia.org/wiki/2019_German_Grand_Prix
2019,12,Hungarian Grand Prix,hungaroring,Hungaroring,Hungary,Budapest,2019-08-04,https://en.wikipedia.org/wiki/2019_Hungarian_Grand_Prix
2019,13,Belgian Grand Prix,spa,Circuit de Spa-Francorchamps,Belgium,Spa,2019-09-01,https://en.wikipedia.org/wiki/2019_Belgian_Grand_Prix
2019,14,Italian Grand Prix,monza,Autodromo Nazionale di Monza,Italy,Monza,2019-09-08,https://en.wikipedia.org/wiki/2019_Italian_Grand_Prix
2019,15,Singapore Grand Prix,marina_bay,Marina Bay Street Circuit,Singapore,Marina Bay,2019-09-22,https://en.wikipedia.org/wiki/2019_Singapore_Grand_Prix
2019,16,Russian Grand Prix,sochi,Sochi Autodrom,Russia,Sochi,2019-09-29,https://en.wikipedia.org/wiki/2019_Russian_Grand_Prix
2019,17,Japanese Grand Prix,suzuka,Suzuka Circuit,Japan,Suzuka,2019-10-13,https://en.wikipedia.org/wiki/2019_Japanese_Grand_Prix
2019,18,Mexican Grand Prix,rodriguez,Autódromo Hermanos Rodríguez,Mexico,Mexico City,2019-10-27,https://en.wikipedia.org/wiki/2019_Mexican_Grand_Prix
2019,19,United States Grand Prix,americas,Circuit of the Americas,USA,Austin,2019-11-03,https://en.wikipedia.org/wiki/2019_United_States_Grand_Prix
2019,20,Brazilian Grand Prix,interlagos,Autódromo José Carlos Pace,Brazil,São Paulo,2019-11-17,https://en.wikipedia.org/wiki/2019_Brazilian_Grand_Prix
2019,21,Abu Dhabi Grand Prix,yas_marina,Yas Marina Circuit,UAE,Abu Dhabi,2019-12-01,https://en.wikipedia.org/wiki/2019_Abu_Dhabi_Grand_Prix
2020,1,Austrian Grand Prix,red_bull_ring,Red Bull Ring,Austria,Spielberg,2020-07-05,https://en.wikipedia.org/wiki/2020_Austrian_Grand_Prix
2020,2,Styrian Grand Prix,red_bull_ring,Red Bull Ring,Austria,Spielberg,2020-07-12,https://en.wikipedia.org/wiki/2020_Styrian_Grand_Prix
2020,3,Hungarian Grand Prix,hungaroring,Hungaroring,Hungary,Budapest,2020-07-19,https://en.wikipedia.org/wiki/2020_Hungarian_Grand_Prix
2020,4,British Grand Prix,silverstone,Silverstone Circuit,UK,Silverstone,2020-08-02,https://en.wikipedia.org/wiki/2020_British_Grand_Prix
2020,5,70th Anniversary Grand Prix,silverstone,Silverstone Circuit,UK,Silverstone,2020-08-09,https://en.wikipedia.org/wiki/70th_Anniversary_Grand_Prix
2020,6,Spanish Grand Prix,catalunya,Circuit de Barcelona-Catalunya,Spain,Barcelona,2020-08-16,https://en.wikipedia.org/wiki/2020_Spanish_Grand_Prix
2020,7,Belgian Grand Prix,spa,Circuit de Spa-Francorchamps,Belgium,Spa,2020-08-30,https://en.wikipedia.org/wiki/2020_Belgian_Grand_Prix
2020,8,Italian Grand Prix,monza,Autodromo Nazionale di Monza,Italy,Monza,2020-09-06,https://en.wikipedia.org/wiki/2020_Italian_Grand_Prix
2020,9,Tuscan Grand Prix,mugello,Autodromo Internazionale del Mugello,Italy,Mugello,2020-09-13,https://en.wikipedia.org/wiki/2020_Tuscan_Grand_Prix
2020,10,Russian Grand Prix,sochi,Sochi Autodrom,Russia,Sochi,2020-09-27,https://en.wikipedia.org/wiki/2020_Russian_Grand_Prix
2020,11,Eifel Grand Prix,nurburgring,Nürburgring,Germany,Nürburg,2020-10-11,https://en.wikipedia.org/wiki/2020_Eifel_Grand_Prix
2020,12,Portuguese Grand Prix,portimao,Autódromo Internacional do Algarve,Portugal,Portimão,2020-10-25,https://en.wikipedia.org/wiki/2020_Portuguese_Grand_Prix
2020,13,Emilia Romagna Grand Prix,imola,Autodromo Enzo e Dino Ferrari,Italy,Imola,2020-11-01,https://en.wikipedia.org/wiki/2020_Emilia_Romagna_Grand_Prix
2020,14,Turkish Grand Prix,istanbul,Istanbul Park,Turkey,Istanbul,2020-11-15,https://en.wikipedia.org/wiki/2020_Turkish_Grand_Prix
2020,15,Bahrain Grand Prix,bahrain,Bahrain International Circuit,Bahrain,Sakhir,2020-11-29,https://en.wikipedia.org/wiki/2020_Bahrain_Grand_Prix
2020,16,Sakhir Grand Prix,bahrain,Bahrain International Circuit,Bahrain,Sakhir,2020-12-06,https://en.wikipedia.org/wiki/2020_Sakhir_Grand_Prix
2020,17,Abu Dhabi Grand Prix,yas_marina,Yas Marina Circuit,UAE,Abu Dhabi,2020-12-13,https://en.wikipedia.org/wiki/2020_Abu_Dhabi_Grand_Prix
2021,1,Bahrain Grand Prix,bahrain,Bahrain International Circuit,Bahrain,Sakhir,2021-03-28,https://en.wikipedia.org/wiki/2021_Bahrain_Grand_Prix
2021,2,Emilia Romagna Grand Prix,imola,Autodromo Enzo e Dino Ferrari,Italy,Imola,2021-04-18,https://en.wikipedia.org/wiki/2021_Emilia_Romagna_Grand_Prix
2021,3,Portuguese Grand Prix,portimao,Autódromo Internacional do Algarve,Portugal,Portimão,2021-05-02,https://en.wikipedia.org/wiki/2021_Portuguese_Grand_Prix
2021,4,Spanish Grand Prix,catalunya,Circuit de Barcelona-Catalunya,Spain,Barcelona,2021-05-09,https://en.wikipedia.org/wiki/2021_Spanish_Grand_Prix
2021,5,Monaco Grand Prix,monaco,Circuit de Monaco,Monaco,Monte Carlo,2021-05-23,https://en.wikipedia.org/wiki/2021_Monaco_Grand_Prix
2021,6,Azerbaijan Grand Prix,baku,Baku City Circuit,Azerbaijan,Baku,2021-06-06,https://en.wikipedia.org/wiki/2021_Azerbaijan_Grand_Prix
2021,7,French Grand Prix,ricard,Circuit Paul Ricard,France,Le Castellet,2021-06-20,https://en.wikipedia.org/wiki/2021_French_Grand_Prix
2021,8,Styrian Grand Prix,red_bull_ring,Red Bull Ring,Austria,Spielberg,2021-06-27,https://en.wikipedia.org/wiki/2021_Styrian_Grand_Prix
2021,9,Austrian Grand Prix,red_bull_ring,Red Bull Ring,Austria,Spielberg,2021-07-04,https://en.wikipedia.org/wiki/2021_Austrian_Grand_Prix
2021,10,British Grand Prix,silverstone,Silverstone Circuit,UK,Silverstone,2021-07-18,https://en.wikipedia.org/wiki/2021_British_Grand_Prix
2021,11,Hungarian Grand Prix,hungaroring,Hungaroring,Hungary,Budapest,2021-08-01,https://en.wikipedia.org/wiki/2021_Hungarian_Grand_Prix
2021,12,Belgian Grand Prix,spa,Circuit de Spa-Francorchamps,Belgium,Spa,2021-08-29,https://en.wikipedia.org/wiki/2021_Belgian_Grand_Prix
2021,13,Dutch Grand Prix,zandvoort,Circuit Park Zandvoort,Netherlands,Zandvoort,2021-09-05,https://en.wikipedia.org/wiki/2021_Dutch_Grand_Prix
2021,14,Italian Grand Prix,monza,Autodromo Nazionale di Monza,Italy,Monza,2021-09-12,https://en.wikipedia.org/wiki/2021_Italian_Grand_Prix
2021,15,Russian Grand Prix,sochi,Sochi Autodrom,Russia,Sochi,2021-09-26,https://en.wikipedia.org/wiki/2021_Russian_Grand_Prix
2021,16,Turkish Grand Prix,istanbul,Istanbul Park,Turkey,Istanbul,2021-10-10,https://en.wikipedia.org/wiki/2021_Turkish_Grand_Prix
2021,17,United States Grand Prix,americas,Circuit of the Americas,USA,Austin,2021-10-24,https://en.wikipedia.org/wiki/2021_United_States_Grand_Prix
2021,18,Mexico City Grand Prix,rodriguez,Autódromo Hermanos Rodríguez,Mexico,Mexico City,2021-11-07,https://en.wikipedia.org/wiki/2021_Mexico_City_Grand_Prix
2021,19,São Paulo Grand Prix,interlagos,Autódromo José Carlos Pace,Brazil,São Paulo,2021-11-14,https://en.wikipedia.org/wiki/2021_S%C3%A3o_Paulo_Grand_Prix
2021,20,Qatar Grand Prix,losail,Losail International Circuit,Qatar,Lusail,2021-11-21,https://en.wikipedia.org/wiki/2021_Qatar_Grand_Prix
2021,21,Saudi Arabian Grand Prix,jeddah,Jeddah Corniche Circuit,Saudi Arabia,Jeddah,2021-12-05,https://en.wikipedia.org/wiki/2021_Saudi_Arabian_Grand_Prix
2021,22,Abu Dhabi Grand Prix,yas_marina,Yas Marina Circuit,UAE,Abu Dhabi,2021-12-12,https://en.wikipedia.org/wiki/2021_Abu_Dhabi_Grand_Prix
2022,1,Bahrain Grand Prix,bahrain,Bahrain International Circuit,Bahrain,Sakhir,2022-03-20,https://en.wikipedia.org/wiki/2022_Bahrain_Grand_Prix
2022,2,Saudi Arabian Grand Prix,jeddah,Jeddah Corniche Circuit,Saudi Arabia,Jeddah,2022-03-27,https://en.wikipedia.org/wiki/2022_Saudi_Arabian_Grand_Prix
2022,3,Australian Grand Prix,albert_park,Albert Park Grand Prix Circuit,Australia,Melbourne,2022-04-10,https://en.wikipedia.org/wiki/2022_Australian_Grand_Prix
2022,4,Emilia Romagna Grand Prix,imola,Autodromo Enzo e Dino Ferrari,Italy,Imola,2022-04-24,https://en.wikipedia.org/wiki/2022_Emilia_Romagna_Grand_Prix
2022,5,Miami Grand Prix,miami,Miami International Autodrome,USA,Miami,2022-05-08,https://en.wikipedia.org/wiki/2022_Miami_Grand_Prix
2022,6,Spanish Grand Prix,catalunya,Circuit de Barcelona-Catalunya,Spain,Barcelona,2022-05-22,https://en.wikipedia.org/wiki/2022_Spanish_Grand_Prix
2022,7,Monaco Grand Prix,monaco,Circuit de Monaco,Monaco,Monte Carlo,2022-05-29,https://en.wikipedia.org/wiki/2022_Monaco_Grand_Prix
2022,8,Azerbaijan Grand Prix,baku,Baku City Circuit,Azerbaijan,Baku,2022-06-12,https://en.wikipedia.org/wiki/2022_Azerbaijan_Grand_Prix
2022,9,Canadian Grand Prix,villeneuve,Circuit Gilles Villeneuve,Canada,Montreal,2022-06-19,https://en.wikipedia.org/wiki/2022_Canadian_Grand_Prix
2022,10,British Grand Prix,silverstone,Silverstone Circuit,UK,Silverstone,2022-07-03,https://en.wikipedia.org/wiki/2022_British_Grand_Prix
2022,11,Austrian Grand Prix,red_bull_ring,Red Bull Ring,Austria,Spielberg,2022-07-10,https://en.wikipedia.org/wiki/2022_Austrian_Grand_Prix
2022,12,French Grand Prix,ricard,Circuit Paul Ricard,France,Le Castellet,2022-07-24,https://en.wikipedia.org/wiki/2022_French_Grand_Prix
2022,13,Hungarian Grand Prix,hungaroring,Hungaroring,Hungary,Budapest,2022-07-31,https://en.wikipedia.org/wiki/2022_Hungarian_Grand_Prix
2022,14,Belgian Grand Prix,spa,Circuit de Spa-Francorchamps,Belgium,Spa,2022-08-28,https://en.wikipedia.org/wiki/2022_Belgian_Grand_Prix
2022,15,Dutch Grand Prix,zandvoort,Circuit Park Zandvoort,Netherlands,Zandvoort,2022-09-04,https://en.wikipedia.org/wiki/2022_Dutch_Grand_Prix
2022,16,Italian Grand Prix,monza,Autodromo Nazionale di Monza,Italy,Monza,2022-09-11,https://en.wikipedia.org/wiki/2022_Italian_Grand_Prix
2022,17,Singapore Grand Prix,marina_bay,Marina Bay Street Circuit,Singapore,Marina Bay,2022-10-02,https://en.wikipedia.org/wiki/2022_Singapore_Grand_Prix
2022,18,Japanese Grand Prix,suzuka,Suzuka Circuit,Japan,Suzuka,2022-10-09,https://en.wikipedia.org/wiki/2022_Japanese_Grand_Prix
2022,19,United States Grand Prix,americas,Circuit of the Americas,USA,Austin,2022-10-23,https://en.wikipedia.org/wiki/2022_United_States_Grand_Prix
2022,20,Mexico City Grand Prix,rodriguez,Autódromo Hermanos Rodríguez,Mexico,Mexico City,2022-10-30,https://en.wikipedia.org/wiki/2022_Mexico_City_Grand_Prix
2022,21,São Paulo Grand Prix,interlagos,Autódromo José Carlos Pace,Brazil,São Paulo,2022-11-13,https://en.wikipedia.org/wiki/2022_São_Paulo_Grand_Prix
2022,22,Abu Dhabi Grand Prix,yas_marina,Yas Marina Circuit,UAE,Abu Dhabi,2022-11-20,https://en.wikipedia.org/wiki/2022_Abu_Dhabi_Grand_Prix
2023,1,Bahrain Grand Prix,bahrain,Bahrain International Circuit,Bahrain,Sakhir,2023-03-05,https://en.wikipedia.org/wiki/2023_Bahrain_Grand_Prix
2023,2,Saudi Arabian Grand Prix,jeddah,Jeddah Corniche Circuit,Saudi Arabia,Jeddah,2023-03-19,https://en.wikipedia.org/wiki/2023_Saudi_Arabian_Grand_Prix
2023,3,Australian Grand Prix,albert_park,Albert Park Grand Prix Circuit,Australia,Melbourne,2023-04-02,https://en.wikipedia.org/wiki/2023_Australian_Grand_Prix
2023,4,Azerbaijan Grand Prix,baku,Baku City Circuit,Azerbaijan,Baku,2023-04-30,https://en.wikipedia.org/wiki/2023_Azerbaijan_Grand_Prix
2023,5,Miami Grand Prix,miami,Miami International Autodrome,USA,Miami,2023-05-07,https://en.wikipedia.org/wiki/2023_Miami_Grand_Prix
2023,6,Monaco Grand Prix,monaco,Circuit de Monaco,Monaco,Monte Carlo,2023-05-28,https://en.wikipedia.org/wiki/2023_Monaco_Grand_Prix
2023,7,Spanish Grand Prix,catalunya,Circuit de Barcelona-Catalunya,Spain,Barcelona,2023-06-04,https://en.wikipedia.org/wiki/2023_Spanish_Grand_Prix
2023,8,Canadian Grand Prix,villeneuve,Circuit Gilles Villeneuve,Canada,Montreal,2023-06-18,https://en.wikipedia.org/wiki/2023_Canadian_Grand_Prix
2023,9,Austrian Grand Prix,red_bull_ring,Red Bull Ring,Austria,Spielberg,2023-07-02,https://en.wikipedia.org/wiki/2023_Austrian_Grand_Prix
2023,10,British Grand Prix,silverstone,Silverstone Circuit,UK,Silverstone,2023-07-09,https://en.wikipedia.org/wiki/2023_British_Grand_Prix
2023,11,Hungarian Grand Prix,hungaroring,Hungaroring,Hungary,Budapest,2023-07-23,https://en.wikipedia.org/wiki/2023_Hungarian_Grand_Prix
2023,12,Belgian Grand Prix,spa,Circuit de Spa-Francorchamps,Belgium,Spa,2023-07-30,https://en.wikipedia.org/wiki/2023_Belgian_Grand_Prix
2023,13,Dutch Grand Prix,zandvoort,Circuit Park Zandvoort,Netherlands,Zandvoort,2023-08-27,https://en.wikipedia.org/wiki/2023_Dutch_Grand_Prix
2023,14,Italian Grand Prix,monza,Autodromo Nazionale di Monza,Italy,Monza,2023-09-03,https://en.wikipedia.org/wiki/2023_Italian_Grand_Prix
2023,15,Singapore Grand Prix,marina_bay,Marina Bay Street Circuit,Singapore,Marina Bay,2023-09-17,https://en.wikipedia.org/wiki/2023_Singapore_Grand_Prix
2023,16,Japanese Grand Prix,suzuka,Suzuka Circuit,Japan,Suzuka,2023-09-24,https://en.wikipedia.org/wiki/2023_Japanese_Grand_Prix
2023,17,Qatar Grand Prix,losail,Losail International Circuit,Qatar,Lusail,2023-10-08,https://en.wikipedia.org/wiki/2023_Qatar_Grand_Prix
2023,18,United States Grand Prix,americas,Circuit of the Americas,USA,Austin,2023-10-22,https://en.wikipedia.org/wiki/2023_United_States_Grand_Prix
2023,19,Mexico City Grand Prix,rodriguez,Autódromo Hermanos Rodríguez,Mexico,Mexico City,2023-10-29,https://en.wikipedia.org/wiki/2023_Mexico_City_Grand_Prix
2023,20,São Paulo Grand Prix,interlagos,Autódromo José Carlos Pace,Brazil,São Paulo,2023-11-05,https://en.wikipedia.org/wiki/2023_S%C3%A3o_Paulo_Grand_Prix
2023,21,Las Vegas Grand Prix,vegas,Las Vegas Strip Street Circuit,USA,Las Vegas,2023-11-19,https://en.wikipedia.org/wiki/2023_Las_Vegas_Grand_Prix
2023,22,Abu Dhabi Grand Prix,yas_marina,Yas Marina Circuit,UAE,Abu Dhabi,2023-11-26,https://en.wikipedia.org/wiki/2023_Abu_Dhabi_Grand_Prix
2024,1,Bahrain Grand Prix,bahrain,Bahrain International Circuit,Bahrain,Sakhir,2024-03-02,https://en.wikipedia.org/wiki/2024_Bahrain_Grand_Prix
2024,2,Saudi Arabian Grand Prix,jeddah,Jeddah Corniche Circuit,Saudi Arabia,Jeddah,2024-03-09,https://en.wikipedia.org/wiki/2024_Saudi_Arabian_Grand_Prix
2024,3,Australian Grand Prix,albert_park,Albert Park Grand Prix Circuit,Australia,Melbourne,2024-03-24,https://en.wikipedia.org/wiki/2024_Australian_Grand_Prix
2024,4,Japanese Grand Prix,suzuka,Suzuka Circuit,Japan,Suzuka,2024-04-07,https://en.wikipedia.org/wiki/2024_Japanese_Grand_Prix
2024,5,Chinese Grand Prix,shanghai,Shanghai International Circuit,China,Shanghai,2024-04-21,https://en.wikipedia.org/wiki/2024_Chinese_Grand_Prix
2024,6,Miami Grand Prix,miami,Miami International Autodrome,USA,Miami,2024-05-05,https://en.wikipedia.org/wiki/2024_Miami_Grand_Prix
2024,7,Emilia Romagna Grand Prix,imola,Autodromo Enzo e Dino Ferrari,Italy,Imola,2024-05-19,https://en.wikipedia.org/wiki/2024_Emilia_Romagna_Grand_Prix
2024,8,Monaco Grand Prix,monaco,Circuit de Monaco,Monaco,Monte Carlo,2024-05-26,https://en.wikipedia.org/wiki/2024_Monaco_Grand_Prix
2024,9,Canadian Grand Prix,villeneuve,Circuit Gilles Villeneuve,Canada,Montreal,2024-06-09,https://en.wikipedia.org/wiki/2024_Canadian_Grand_Prix
2024,10,Spanish Grand Prix,catalunya,Circuit de Barcelona-Catalunya,Spain,Barcelona,2024-06-23,https://en.wikipedia.org/wiki/2024_Spanish_Grand_Prix
2024,11,Austrian Grand Prix,red_bull_ring,Red Bull Ring,Austria,Spielberg,2024-06-30,https://en.wikipedia.org/wiki/2024_Austrian_Grand_Prix
2024,12,British Grand Prix,silverstone,Silverstone Circuit,UK,Silverstone,2024-07-07,https://en.wikipedia.org/wiki/2024_British_Grand_Prix
2024,13,Hungarian Grand Prix,hungaroring,Hungaroring,Hungary,Budapest,2024-07-21,https://en.wikipedia.org/wiki/2024_Hungarian_Grand_Prix
2024,14,Belgian Grand Prix,spa,Circuit de Spa-Francorchamps,Belgium,Spa,2024-07-28,https://en.wikipedia.org/wiki/2024_Belgian_Grand_Prix
2024,15,Dutch Grand Prix,zandvoort,Circuit Park Zandvoort,Netherlands,Zandvoort,2024-08-25,https://en.wikipedia.org/wiki/2024_Dutch_Grand_Prix
2024,16,Italian Grand Prix,monza,Autodromo Nazionale di Monza,Italy,Monza,2024-09-01,https://en.wikipedia.org/wiki/2024_Italian_Grand_Prix
2024,17,Azerbaijan Grand Prix,baku,Baku City Circuit,Azerbaijan,Baku,2024-09-15,https://en.wikipedia.org/wiki/2024_Azerbaijan_Grand_Prix
2024,18,Singapore Grand Prix,marina_bay,Marina Bay Street Circuit,Singapore,Marina Bay,2024-09-22,https://en.wikipedia.org/wiki/2024_Singapore_Grand_Prix
2024,19,United States Grand Prix,americas,Circuit of the Americas,USA,Austin,2024-10-20,https://en.wikipedia.org/wiki/2024_United_States_Grand_Prix
2024,20,Mexico City Grand Prix,rodriguez,Autódromo Hermanos Rodríguez,Mexico,Mexico City,2024-10-27,https://en.wikipedia.org/wiki/2024_Mexico_City_Grand_Prix
2024,21,São Paulo Grand Prix,interlagos,Autódromo José Carlos Pace,Brazil,São Paulo,2024-11-03,https://en.wikipedia.org/wiki/2024_S%C3%A3o_Paulo_Grand_Prix
2024,22,Las Vegas Grand Prix,vegas,Las Vegas Strip Street Circuit,USA,Las Vegas,2024-11-23,https://en.wikipedia.org/wiki/2024_Las_Vegas_Grand_Prix
2024,23,Qatar Grand Prix,losail,Losail International Circuit,Qatar,Lusail,2024-12-01,https://en.wikipedia.org/wiki/2024_Qatar_Grand_Prix
2024,24,Abu Dhabi Grand Prix,yas_marina,Yas Marina Circuit,UAE,Abu Dhabi,2024-12-08,https://en.wikipedia.org/wiki/2024_Abu_Dhabi_Grand_Prix
2025,1,Australian Grand Prix,albert_park,Albert Park Grand Prix Circuit,Australia,Melbourne,2025-03-16,https://en.wikipedia.org/wiki/2025_Australian_Grand_Prix
2025,2,Chinese Grand Prix,shanghai,Shanghai International Circuit,China,Shanghai,2025-03-23,https://en.wikipedia.org/wiki/2025_Chinese_Grand_Prix
2025,3,Japanese Grand Prix,suzuka,Suzuka Circuit,Japan,Suzuka,2025-04-06,https://en.wikipedia.org/wiki/2025_Japanese_Grand_Prix
2025,4,Bahrain Grand Prix,bahrain,Bahrain International Circuit,Bahrain,Sakhir,2025-04-13,https://en.wikipedia.org/wiki/2025_Bahrain_Grand_Prix
2025,5,Saudi Arabian Grand Prix,jeddah,Jeddah Corniche Circuit,Saudi Arabia,Jeddah,2025-04-20,https://en.wikipedia.org/wiki/2025_Saudi_Arabian_Grand_Prix
2025,6,Miami Grand Prix,miami,Miami International Autodrome,USA,Miami,2025-05-04,https://en.wikipedia.org/wiki/2025_Miami_Grand_Prix
2025,7,Emilia Romagna Grand Prix,imola,Autodromo Enzo e Dino Ferrari,Italy,Imola,2025-05-18,https://en.wikipedia.org/wiki/2025_Emilia_Romagna_Grand_Prix
2025,8,Monaco Grand Prix,monaco,Circuit de Monaco,Monaco,Monte Carlo,2025-05-25,https://en.wikipedia.org/wiki/2025_Monaco_Grand_Prix
2025,9,Spanish Grand Prix,catalunya,Circuit de Barcelona-Catalunya,Spain,Barcelona,2025-06-01,https://en.wikipedia.org/wiki/2025_Spanish_Grand_Prix
2025,10,Canadian Grand Prix,villeneuve,Circuit Gilles Villeneuve,Canada,Montreal,2025-06-15,https://en.wikipedia.org/wiki/2025_Canadian_Grand_Prix
2025,11,Austrian Grand Prix,red_bull_ring,Red Bull Ring,Austria,Spielberg,2025-06-29,https://en.wikipedia.org/wiki/2025_Austrian_Grand_Prix
2025,12,British Grand Prix,silverstone,Silverstone Circuit,UK,Silverstone,2025-07-06,https://en.wikipedia.org/wiki/2025_British_Grand_Prix
2025,13,Belgian Grand Prix,spa,Circuit de Spa-Francorchamps,Belgium,Spa,2025-07-27,https://en.wikipedia.org/wiki/2025_Belgian_Grand_Prix
2025,14,Hungarian Grand Prix,hungaroring,Hungaroring,Hungary,Budapest,2025-08-03,https://en.wikipedia.org/wiki/2025_Hungarian_Grand_Prix
2025,15,Dutch Grand Prix,zandvoort,Circuit Park Zandvoort,Netherlands,Zandvoort,2025-08-31,https://en.wikipedia.org/wiki/2025_Dutch_Grand_Prix
2025,16,Italian Grand Prix,monza,Autodromo Nazionale di Monza,Italy,Monza,2025-09-07,https://en.wikipedia.org/wiki/2025_Italian_Grand_Prix
2025,17,Azerbaijan Grand Prix,baku,Baku City Circuit,Azerbaijan,Baku,2025-09-21,https://en.wikipedia.org/wiki/2025_Azerbaijan_Grand_Prix
2025,18,Singapore Grand Prix,marina_bay,Marina Bay Street Circuit,Singapore,Marina Bay,2025-10-05,https://en.wikipedia.org/wiki/2025_Singapore_Grand_Prix
2025,19,United States Grand Prix,americas,Circuit of the Americas,USA,Austin,2025-10-19,https://en.wikipedia.org/wiki/2025_United_States_Grand_Prix
2025,20,Mexico City Grand Prix,rodriguez,Autódromo Hermanos Rodríguez,Mexico,Mexico City,2025-10-26,https://en.wikipedia.org/wiki/2025_Mexico_City_Grand_Prix
2025,21,São Paulo Grand Prix,interlagos,Autódromo José Carlos Pace,Brazil,São Paulo,2025-11-09,https://en.wikipedia.org/wiki/2025_S%C3%A3o_Paulo_Grand_Prix
2025,22,Las Vegas Grand Prix,vegas,Las Vegas Strip Street Circuit,USA,Las Vegas,2025-11-23,https://en.wikipedia.org/wiki/2025_Las_Vegas_Grand_Prix
2025,23,Qatar Grand Prix,losail,Losail International Circuit,Qatar,Lusail,2025-11-30,https://en.wikipedia.org/wiki/2025_Qatar_Grand_Prix
2025,24,Abu Dhabi Grand Prix,yas_marina,Yas Marina Circuit,UAE,Abu Dhabi,2025-12-07,https://en.wikipedia.org/wiki/2025_Abu_Dhabi_Grand_Prix
2026,1,Australian Grand Prix,albert_park,Albert Park Grand Prix Circuit,Australia,Melbourne,2026-03-08,https://en.wikipedia.org/wiki/2026_Australian_Grand_Prix
2026,2,Chinese Grand Prix,shanghai,Shanghai International Circuit,China,Shanghai,2026-03-15,https://en.wikipedia.org/wiki/2026_Chinese_Grand_Prix
2026,3,Japanese Grand Prix,suzuka,Suzuka Circuit,Japan,Suzuka,2026-03-29,https://en.wikipedia.org/wiki/2026_Japanese_Grand_Prix
2026,4,Miami Grand Prix,miami,Miami International Autodrome,USA,Miami,2026-05-03,https://en.wikipedia.org/wiki/2026_Miami_Grand_Prix
2026,5,Canadian Grand Prix,villeneuve,Circuit Gilles Villeneuve,Canada,Montreal,2026-05-24,https://en.wikipedia.org/wiki/2026_Canadian_Grand_Prix
2026,6,Monaco Grand Prix,monaco,Circuit de Monaco,Monaco,Monte Carlo,2026-06-07,https://en.wikipedia.org/wiki/2026_Monaco_Grand_Prix
2026,7,Barcelona Grand Prix,catalunya,Circuit de Barcelona-Catalunya,Spain,Barcelona,2026-06-14,https://en.wikipedia.org/wiki/2026_Barcelona-Catalunya
2026,8,Austrian Grand Prix,red_bull_ring,Red Bull Ring,Austria,Spielberg,2026-06-28,https://en.wikipedia.org/wiki/2026_Austrian_Grand_Prix
2026,9,British Grand Prix,silverstone,Silverstone Circuit,UK,Silverstone,2026-07-05,https://en.wikipedia.org/wiki/2026_British_Grand_Prix
2026,10,Belgian Grand Prix,spa,Circuit de Spa-Francorchamps,Belgium,Spa,2026-07-19,https://en.wikipedia.org/wiki/2026_Belgian_Grand_Prix
2026,11,Hungarian Grand Prix,hungaroring,Hungaroring,Hungary,Budapest,2026-07-26,https://en.wikipedia.org/wiki/2026_Hungarian_Grand_Prix
2026,12,Dutch Grand Prix,zandvoort,Circuit Park Zandvoort,Netherlands,Zandvoort,2026-08-23,https://en.wikipedia.org/wiki/2026_Dutch_Grand_Prix
2026,13,Italian Grand Prix,monza,Autodromo Nazionale di Monza,Italy,Monza,2026-09-06,https://en.wikipedia.org/wiki/2026_Italian_Grand_Prix
2026,14,Spanish Grand Prix,madring,Madring,Spain,Madrid,2026-09-13,https://en.wikipedia.org/wiki/2026_Spanish_Grand_Prix
2026,15,Azerbaijan Grand Prix,baku,Baku City Circuit,Azerbaijan,Baku,2026-09-26,https://en.wikipedia.org/wiki/2026_Azerbaijan_Grand_Prix
2026,16,Singapore Grand Prix,marina_bay,Marina Bay Street Circuit,Singapore,Marina Bay,2026-10-11,https://en.wikipedia.org/wiki/2026_Singapore_Grand_Prix
2026,17,United States Grand Prix,americas,Circuit of the Americas,USA,Austin,2026-10-25,https://en.wikipedia.org/wiki/2026_United_States_Grand_Prix
2026,18,Mexico City Grand Prix,rodriguez,Autódromo Hermanos Rodríguez,Mexico,Mexico City,2026-11-01,https://en.wikipedia.org/wiki/2026_Mexico_City_Grand_Prix
2026,19,Brazilian Grand Prix,interlagos,Autódromo José Carlos Pace,Brazil,São Paulo,2026-11-08,https://en.wikipedia.org/wiki/2026_Brazilian_Grand_Prix
2026,20,Las Vegas Grand Prix,vegas,Las Vegas Strip Street Circuit,USA,Las Vegas,2026-11-22,https://en.wikipedia.org/wiki/2026_Las_Vegas_Grand_Prix
2026,21,Qatar Grand Prix,losail,Losail International Circuit,Qatar,Lusail,2026-11-29,https://en.wikipedia.org/wiki/2026_Qatar_Grand_Prix
2026,22,Abu Dhabi Grand Prix,yas_marina,Yas Marina Circuit,UAE,Abu Dhabi,2026-12-06,https://en.wikipedia.org/wiki/2026_Abu_Dhabi_Grand_Prix
